Bachelier, Florian - 2021-10-11-09:49:04 >> participationDirigeantDto >> activite,cabinet d'avocats
GERNEZ, bertrand - 2020-10-21-11:46:40 >> activProfConjointDto >> activiteProf,Activité libérale AVOCAT
Margueritte, David - 2020-09-20-19:00:35 >> activProfCinqDerniereDto >> commentaire,Bénéfice net (2035) Bénéfices des années précédentes déclarées dans la précédente déclaration. Activités d’avocat libéral et de formateur en droit public
GERNEZ, bertrand - 2021-05-11-15:38:41 >> activProfConjointDto >> activiteProf,Activité libérale AVOCAT
Cicurel, Ilana - 2020-07-17-13:30:03 >> activProfCinqDerniereDto >> item >> description,Avocate
Nicolas, Gaëlle - 2020-11-25-21:44:05 >> activProfCinqDerniereDto >> description,Avocat
MOREL, jean-philippe - 2021-02-07-17:11:09 >> activProfCinqDerniereDto >> employeur,avocat individuel
Nicolas, Gaëlle - 2020-11-25-21:44:05 >> activProfCinqDerniereDto >> commentaire,Depuis fin décembre 2019, j'ai sollicité mon omission du tableau de l'ordre des avocats du Barreau de Quimper auprès duquel j'étais inscrite, l'exercice de mes mandats ne rendant plus possible le maintien de mon activité professionnelle. Je n'ai plus de revenu au titre des bénéfices non commerciaux depuis 2019
Luciano, Kevin - 2021-09-26-14:47:25 >> activProfCinqDerniereDto >> item >> description,Avocat
FAVREAU, GILBERT - 2020-11-14-17:19:44 >> activProfCinqDerniereDto >> description,Avocat
DUPOND-MORETTI, Eric - 2020-10-30-15:14:16 >> attachedFiles >> attachedFiles >> item >> fileName,SELARLU DUPOND MORETTI AVOCAT - Liasse 2065- 06.07.2020.pdf
GOULET, NATHALIE - 2021-01-04-10:02:51 >> activProfCinqDerniereDto >> item >> commentaire,Le contrat avec le Cabinet Shefet a été résilié le 25 juillet 2018 Cessation d'activité d'avocat le 15 octobre 2018
BRIAND, Sacha - 2020-09-03-16:18:29 >> activProfCinqDerniereDto >> description,avocat, organisme agréé pour la formation des élus locaux
Bachelier, Florian - 2020-11-14-17:26:26 >> participationDirigeantDto >> activite,cabinet d'avocats
GOMEZ-BASSAC, Valerie - 2021-05-05-15:54:06 >> participationFinanciereDto >> item >> remuneration,27850 EN 2016 EN TANT QU'AVOCATE ASSOCIE GERANTE
Bachelier, Florian - 2017-08-11-18:24:06 >> fonctionBenevoleDto >> item >> nomStructure,Advoc association uk - réseau de cabinets d'avocats
NICOLIN, Yves - 2020-12-30-20:54:17 >> activProfCinqDerniereDto >> employeur,AVOCAT
pericard, arnaud - 2021-02-10-20:02:39 >> participationDirigeantDto >> item >> commentaire,- nommé en tant que directeur général de la SELAS le 1er octobre 2014 - pas de rémunération en tant que directeur général - les rémunérations perçues en tant qu'avocat ont été renseignés au 1er paragraphe
THOUROT, Alice - 2020-07-03-16:04:11 >> participationDirigeantDto >> item >> commentaire,La AARPI était constituée de la SELARL CABINET CHAMPAUZAC et de la SAS D'AVOCAT THOUROT. Sa dissolution a été actée entre juin et juillet 2017(AG + Ordre des Avocats).
MIRALLES, PATRICIA - 2017-10-30-17:07:11 >> activCollaborateursDto >> Courageux Vincent >> employeur,Avocat au barreau de Paris
leclercq, Caroline - 2020-07-14-23:28:27 >> participationDirigeantDto >> item >> nomSociete,AARPI ACCESS AVOCAT
DUPOND-MORETTI, Eric - 2020-10-30-15:14:16 >> fondDto >> description,Fonds libéral d'avocat
Auslender, Jérôme - 2020-09-15-12:26:32 >> activProfCinqDerniereDto >> item >> description,Avocat
MIRALLES, PATRICIA - 2018-02-18-10:18:34 >> activCollaborateursDto >> Courageux Vincent >> descriptionActivite,Avocat
BUFFET, FRANCOIS NOEL - 2020-11-22-19:39:53 >> activProfCinqDerniereDto >> item >> description,AVOCAT
bonnecarrere, philippe - 2021-06-07-11:26:46 >> activProfCinqDerniereDto >> item >> employeur,exercice liberal en tant que membre de la scp davocats portant notamment mon nom
Avia, Laetitia - 2017-08-08-19:36:56 >> activProfCinqDerniereDto >> item >> description,Avocate en exercice libéral
THURIOT, Denis - 2020-07-31-23:47:58 >> activProfCinqDerniereDto >> description,avocat
Auslender, Jérôme - 2021-08-03-14:44:35 >> participationFinanciereDto >> nomSociete,LKJ AVOCATS
LARRIVE, Guillaume - 2019-01-16-13:24:18 >> activProfCinqDerniereDto >> item >> description,Avocat
PULVAR, Audrey - 2020-10-28-21:52:28 >> activConsultantDto >> item >> nomEmployeur,Ordre des Avocats
BLANC, Etienne - 2020-11-25-14:06:03 >> participationDirigeantDto >> item >> activite,AVOCAT
FUGIT, Jean-Luc - 2017-07-12-11:04:59 >> activCollaborateursDto >> Lougraida-DUMAS Myriam >> employeur,Myriam LOUGRAIDA-DUMAS Entreprise Individuelle
        [Données non publiées]
    Avocat inscrit au Barreau de Lyon
BUGIS, Pascal - 2020-11-11-19:51:39 >> activProfCinqDerniereDto >> description,Avocat
MOREL A L'HUISSIER, PIERRE - 2021-10-07-16:37:06 >> attachedFiles >> attachedFiles >> item >> fileName,2021-06-23 - Lettre Pdt AN FERRAND - Déclaration activité avocat.pdf
BRIERE, Quentin - 2020-11-25-17:56:47 >> activProfCinqDerniereDto >> item >> description,Avocat
Bachelier, Florian - 2018-02-22-17:39:11 >> participationDirigeantDto >> activite,cabinet d'avocats
LEROY, Sebastien - 2020-10-27-15:57:54 >> participationDirigeantDto >> item >> commentaire,SCI détenant les locaux du Cabinet d'Avocats
THOUROT, Alice - 2020-10-02-14:07:34 >> participationFinanciereDto >> nomSociete,SAS D'AVOCAT THOUROT
Albertini, Xavier - 2021-05-30-20:00:10 >> activProfCinqDerniereDto >> item >> employeur,ACG Société Avocats
Bachelier, Florian - 2019-01-07-17:04:17 >> participationDirigeantDto >> activite,cabinet d'avocats
Foveau, Tristan - 2021-11-09-18:24:33 >> activProfCinqDerniereDto >> item >> description,Elève-avocat stagiaire
Houlié, Sacha - 2017-07-31-10:46:31 >> activProfCinqDerniereDto >> employeur,Avocat libéral
BOLE, Cédric - 2020-09-03-22:18:31 >> activProfConjointDto >> employeurConjoint,Etude d'Avocats 
        [Données non publiées]
ABADIE, Caroline - 2017-08-15-15:48:06 >> activCollaborateursDto >> DAVID FLORENCE >> employeur,ASSOCIEE DANS UN CABINET D'AVOCATS
Bachelier, Florian - 2021-01-27-18:47:23 >> participationDirigeantDto >> activite,cabinet d'avocats
THOUROT, Alice - 2017-11-30-13:14:22 >> activProfCinqDerniereDto >> item >> description,AVOCAT
vabre, caroline - 2021-08-07-11:25:17 >> activProfCinqDerniereDto >> description,Profession libérale AVOCAT exercée à titre individuel
MAZARS, stéphane - 2019-08-30-10:44:26 >> participationDirigeantDto >> item >> commentaire,je suis co-gérant avec mes associés de la SCI propriétaire du cabinet d'avocats.
Questel, Bruno - 2019-01-16-17:55:11 >> activProfCinqDerniereDto >> description,Avocat
Masquelier, Frédéric - 2020-08-20-10:37:29 >> participationFinanciereDto >> commentaire,les rémunérations proviennent de l'activité d'avocat. Des participations sont aussi détenues dans la SCI 
        [Données non publiées]
    , 
        [Données non publiées]
    ainsi que de la SCI 
        [Données non publiées]
     qui gérait les bureaux
        [Données non publiées]
Albertini, Xavier - 2020-08-18-09:17:56 >> activProfCinqDerniereDto >> item >> description,Avocat Associé Droit Fiscal/Droit Sociétés
THOUROT, Alice - 2017-08-18-09:02:12 >> participationDirigeantDto >> item >> activite,AVOCATS
Grelier, Jean Carles - 2017-08-08-10:22:01 >> activProfCinqDerniereDto >> item >> description,Avocat
MAZARS, stéphane - 2017-10-30-15:19:22 >> participationDirigeantDto >> item >> nomSociete,SCP d'avocats
pericard, arnaud - 2020-09-30-16:35:30 >> participationDirigeantDto >> item >> activite,cabinet d'avocats
Auslender, Jérôme - 2020-09-15-12:26:32 >> participationFinanciereDto >> nomSociete,LKJ AVOCATS
Auslender, Jérôme - 2021-08-03-14:44:35 >> activProfCinqDerniereDto >> item >> description,Avocat
BILLOUDET, GUY - 2020-12-17-15:09:02 >> activProfConjointDto >> employeurConjoint,Avocat -
LEROY, Sebastien - 2020-10-27-15:57:54 >> participationFinanciereDto >> nomSociete,SELARL LEGIPOLIS AVOCATS
MICHEL, Jean-Paul - 2021-10-14-11:12:24 >> activProfConjointDto >> activiteProf,AVOCAT
LEROY, Sebastien - 2020-07-21-20:52:25 >> activProfCinqDerniereDto >> description,Avocat
GOULET, NATHALIE - 2020-09-03-10:22:54 >> activProfCinqDerniereDto >> item >> commentaire,Le contrat avec le Cabinet Shefet a été résilié le 25 juillet 2018 Cessation d'activité d'avocat le 15 octobre 2018
VIRY, Stéphane - 2017-08-04-09:51:03 >> participationFinanciereDto >> commentaire,SCP d'Avocats constituée en mars 2017
PULVAR, Audrey - 2021-02-15-05:56:15 >> activConsultantDto >> item >> nomEmployeur,Ordre des Avocats
gilbert, collard - 2019-10-08-10:23:54 >> participationDirigeantDto >> activite,SOCIETE D'AVOCATS
Zumkeller, Michel - 2021-12-17-15:37:56 >> activCollaborateursDto >> Therond-Keraudren Amélie >> descriptionActivite,Avocate
LEROY, Sebastien - 2020-07-21-20:52:25 >> participationDirigeantDto >> item >> activite,AVOCATS
BOURDOULEIX, gilles - 2021-05-19-09:38:23 >> activProfCinqDerniereDto >> description,avocat
MIRALLES, PATRICIA - 2017-10-10-16:06:24 >> activCollaborateursDto >> Courageux Vincent >> employeur,Avocat au barreau de Paris
Arminjon, Christophe - 2020-10-11-09:50:35 >> activProfCinqDerniereDto >> description,Avocat associé cogérant
SALLES BARBOSA, Jennifer - 2020-12-02-20:28:01 >> activProfCinqDerniereDto >> description,AVOCATE
Cauchetier, Yann - 2020-08-25-10:54:28 >> activProfCinqDerniereDto >> description,Avocat Gérant
THOUROT, Alice - 2020-07-03-16:04:11 >> participationFinanciereDto >> nomSociete,SAS D'AVOCAT THOUROT
MAZARS, stéphane - 2017-08-14-16:56:15 >> activProfCinqDerniereDto >> description,avocat associé
ALIOT, Louis - 2021-12-06-14:44:43 >> activProfCinqDerniereDto >> item >> employeur,avocat
Bachelier, Florian - 2021-01-27-18:47:23 >> fonctionBenevoleDto >> item >> nomStructure,Advoc association uk - réseau de cabinets d'avocats
Albertini, Xavier - 2020-08-18-09:17:56 >> activProfCinqDerniereDto >> item >> commentaire,Avocat Associé Département Droit Fiscal/Droit des Sociétés
LEGUILLE-BALLOY, Martine - 2017-08-21-11:35:52 >> activConsultantDto >> description,Avocat
MORENAS, Adrien - 2021-07-22-14:34:55 >> activProfConjointDto >> activiteProf,Cabinet d'avocats
pericard, arnaud - 2021-02-10-20:02:39 >> participationDirigeantDto >> item >> activite,cabinet d'avocats
DUPOND-MORETTI, Eric - 2020-08-22-14:48:13 >> participationDirigeantDto >> item >> nomSociete,SELARLU DUPOND-MORETTI AVOCAT
SCHALCK, ELSA - 2020-11-25-12:10:32 >> activProfCinqDerniereDto >> item >> commentaire,Poursuite envisagée de l'activité libérale d'avocat à titre individuel, en droit privé.
Bachelier, Florian - 2019-01-26-10:30:36 >> participationDirigeantDto >> activite,cabinet d'avocats
bonnecarrere, philippe - 2020-10-26-16:32:28 >> activProfCinqDerniereDto >> item >> description,avocat
MOREL A L'HUISSIER, PIERRE - 2021-12-17-17:15:49 >> activProfCinqDerniereDto >> item >> commentaire,Reprise d'activité d'avocat exercée antérieurement au mandat de député
Tourret, Alain - 2017-07-17-16:02:12 >> activProfCinqDerniereDto >> description,Avocat
AESCHLIMANN, MANUEL - 2020-09-26-14:45:53 >> activProfCinqDerniereDto >> item >> description,Avocat à la Cour
MIRALLES, PATRICIA - 2017-10-30-17:07:11 >> activCollaborateursDto >> Courageux Vincent >> descriptionActivite,Avocat
NICOLIN, Yves - 2020-10-20-15:07:14 >> activProfCinqDerniereDto >> employeur,AVOCAT
LABELLE, pascal - 2021-10-04-16:14:02 >> activProfCinqDerniereDto >> commentaire,Cessation d'activité d'avocat au 31/12/2020
Gauvain, Raphael - 2020-07-15-11:39:37 >> activProfConjointDto >> activiteProf,Avocate exerçant à titre individuel.
THOUROT, Alice - 2019-02-04-11:27:21 >> observationInteretDto >> contenu,Omission du Barreau de Paris en octobre 2018Dissolution de la SAS d'AVOCAT en septembre 2018 - dissolution en cours
Copé, Jean-François - 2021-03-28-19:03:05 >> activProfCinqDerniereDto >> item >> description,Avocat of counsel
Thieriot, jean Louis - 2018-09-18-15:20:27 >> participationFinanciereDto >> item >> commentaire,Cabinet d'avocat ayant une activité résiduelle compte tenu de mes autres activités. Je l'ai évalué sur la base d'une année de chiffre d'affaire, mais compte tenu de ma baisse d'activité, la valeur est certainement beaucoup plus faible.
Rouly, Nicolas - 2020-07-23-23:34:22 >> activProfCinqDerniereDto >> item >> description,Avocat
Baroin, François - 2020-08-23-13:33:43 >> activProfCinqDerniereDto >> item >> employeur,Avocat exerçant en régime libéral. Associé AARPI STAS depuis 03/04/2018.
Rivière, Jérôme - 2021-04-13-19:24:41 >> activConsultantDto >> item >> description,Avocat
Valetta-Ardisson, Alexandra - 2019-01-25-09:25:55 >> activCollaborateursDto >> LEROYER Céline >> descriptionActivite,Avocat
Vogel, Louis - 2020-11-16-09:58:03 >> participationDirigeantDto >> item >> nomSociete,Selas Vogel & Vogel, société d'avocats
BAUDOUX, Gérard - 2020-09-04-17:42:30 >> activProfConjointDto >> activiteProf,AVOCAT
LABELLE, pascal - 2021-10-04-16:14:02 >> activProfConjointDto >> employeurConjoint,avocat
MAZARS, stéphane - 2017-08-14-16:56:15 >> activProfCinqDerniereDto >> employeur,associé dans une SCP d'AVOCATS
Houlié, Sacha - 2021-11-24-12:08:07 >> activProfCinqDerniereDto >> employeur,Avocat libéral
VOITURIEZ, Anne - 2020-08-31-20:19:25 >> activProfCinqDerniereDto >> description,avocate
MANSOURI, Amèle - 2020-08-18-12:26:23 >> activProfCinqDerniereDto >> item >> description,AVOCAT
GOULET, NATHALIE - 2021-01-04-10:02:51 >> activProfCinqDerniereDto >> item >> description,Avocat Collaborateur
Ferrand, Richard - 2018-02-23-11:29:07 >> activProfConjointDto >> activiteProf,AVOCATE
CALVET, Francois - 2018-04-22-19:12:30 >> activCollaborateursDto >> JOSENDE Lauriane >> commentaire,Lauriane Josende est ma collaboratrice parlementaire depuis le 7 octobre 2017.Elle est Docteur en Droit et ancien avocat au Barreau de Perpignan
BLANC, Etienne - 2021-04-01-15:23:13 >> participationDirigeantDto >> item >> activite,AVOCAT
BAUDOUX, Gérard - 2021-01-21-14:55:10 >> activProfConjointDto >> activiteProf,AVOCAT
LARRIVE, Guillaume - 2017-07-31-16:54:43 >> activProfCinqDerniereDto >> item >> employeur,Avocat
CANARD, Céline-Marie - 2020-09-13-15:44:01 >> activProfCinqDerniereDto >> item >> description,Vacataire (Membre du jury d'examen d'entrée de l'Ecole d'Avocats Nord-Ouest)
MAZARS, stéphane - 2019-08-30-10:44:26 >> participationFinanciereDto >> item >> nomSociete,scp d'avocats
Bachelier, Florian - 2020-05-18-16:32:26 >> participationDirigeantDto >> activite,cabinet d'avocats
LEVADE, Anne - 2021-09-06-15:32:58 >> activProfConjointDto >> activiteProf,Avocat
LABELLE, pascal - 2020-08-18-11:10:44 >> activProfCinqDerniereDto >> description,avocat
Rouillard, Gwendal - 2020-12-02-14:44:40 >> activProfConjointDto >> activiteProf,Avocate et 
        [Données non publiées]
     de l'entreprise
Lévrier, Martin - 2020-02-28-13:57:07 >> activCollaborateursDto >> BARRY François >> descriptionActivite,Avocat
MAZARS, stéphane - 2017-08-14-16:56:15 >> activProfCinqDerniereDto >> commentaire,avocat généraliste au sein d'une SCP au barreau de l'AVEYRON je ne connais pas encore mon BNC de 2017. Pendant mon mandat de sénateur mes revenus pro étaient moins importants (moins d'industrie) en accord avec mes associés.
LABELLE, pascal - 2021-10-04-16:14:02 >> activProfCinqDerniereDto >> description,avocat
Albertini, Xavier - 2020-08-18-09:17:56 >> participationFinanciereDto >> item >> commentaire,Activité Professionnelle Avocat
Poniatowski, Sébastien - 2021-07-30-06:40:15 >> activProfCinqDerniereDto >> employeur,DPS Avocats
SABATINI, Anaïs - 2021-08-12-10:21:09 >> activProfCinqDerniereDto >> item >> employeur,Avocate au sein de la SELARL NESE en collaboration libérale
Gauvain, Raphael - 2020-07-15-11:39:37 >> activProfCinqDerniereDto >> commentaire,J'ai demandé mon omission du Barreau de Paris à compter du 1er aout 2017. Je n'exercerai donc pas la profession d'avocat pendant mon mandat parlementaire. Les comptes du cabinet sont en cours de finalisation. Je serai donc en mesure de déclarer mes revenus 2017 définitif au titre de cette activité à la fin de l'année.
Brosse, Laurent - 2020-10-04-10:15:16 >> activProfCinqDerniereDto >> description,Avocat
Ferrand, Richard - 2021-09-03-17:27:07 >> activProfConjointDto >> activiteProf,AVOCATE
MIS, Jean-Michel - 2017-08-11-10:15:14 >> activCollaborateursDto >> employeur,Avocate au barreau de Saint-Etienne exercant en nom propre
CHENEAU, François - 2021-06-25-11:50:50 >> activProfCinqDerniereDto >> description,avocats
ANTHOINE, Emmanuelle - 2021-08-11-16:46:21 >> activProfCinqDerniereDto >> commentaire,J'exerce mon activité professionnel d'avocate depuis janvier 1990
HERBILLON, DIDIER - 2020-09-07-18:58:41 >> activProfConjointDto >> activiteProf,Assistante d'avocats
GOULET, NATHALIE - 2017-10-25-16:03:58 >> activProfCinqDerniereDto >> item >> description,Avocat Collaborateur
LARRIVE, Guillaume - 2019-12-19-08:24:05 >> activProfCinqDerniereDto >> item >> employeur,Avocat
DEL POSO, thierry - 2020-06-03-16:56:33 >> activProfCinqDerniereDto >> item >> commentaire,J'AI CESSE MON ACTIVITE d'avocat
        [Données non publiées]
BOUZERA, Fouziya - 2017-09-19-15:47:31 >> activProfCinqDerniereDto >> description,AVOCATE
AUBRY, MARTINE - 2020-07-30-11:32:25 >> activProfConjointDto >> employeurConjoint,Avocat en retraite
SOW, Sileymane - 2020-09-04-23:39:36 >> activProfCinqDerniereDto >> item >> description,Avocat associé co-gérant
CANARD, Céline-Marie - 2021-08-25-17:27:10 >> activProfCinqDerniereDto >> item >> description,Vacataire (Membre du jury d'examen d'entrée de l'Ecole d'Avocats Nord-Ouest)
THOUROT, Alice - 2017-11-30-13:14:22 >> participationDirigeantDto >> item >> commentaire,La AARPI était constituée de la SELARL CABINET CHAMPAUZAC et de la SAS D'AVOCAT THOUROT. Sa dissolution a été actée entre juin et juillet 2017(AG + Ordre des Avocats).
Gauvain, Raphael - 2017-08-05-11:36:29 >> activProfConjointDto >> activiteProf,Avocate exerçant à titre individuel.
ALIOT, Louis - 2021-12-09-09:25:33 >> activProfCinqDerniereDto >> item >> description,avocat
MOREL A L'HUISSIER, PIERRE - 2018-02-14-08:54:23 >> activProfCinqDerniereDto >> description,AVOCAT
LEGUILLE-BALLOY, Martine - 2019-01-18-17:57:52 >> activConsultantDto >> description,Avocat
HURMIC, Pierre - 2021-04-08-19:10:43 >> activProfCinqDerniereDto >> description,Avocat
Copé, Jean-François - 2020-06-24-14:51:36 >> activConsultantDto >> commentaire,Activité en cours. JFC Conseil est une société par actions simplifiée à associé unique, créée pour l’exercice d’une « activité de conseil connexe à l’exercice de la profession d’avocat » dans les conditions fixées par l’article 111 du décret n° 91-1197 du 27 novembre 1991 et après approbation du Conseil de l’ordre des avocats de Paris en date du 22 octobre 2019. Les rémunérations et revenus ne sont connus qu'à la clôture de l'année fiscale en cours.
Bachelier, Florian - 2021-05-19-18:36:11 >> participationDirigeantDto >> activite,cabinet d'avocats
Bachelier, Florian - 2017-08-11-18:24:06 >> participationDirigeantDto >> activite,cabinet d'avocats
schillinger, patricia - 2021-01-12-19:42:15 >> activCollaborateursDto >> Fichet-Boyle Isabelle >> employeur,Avocate inscrite au barreau de l'EURE depuis le 02.01.2019 à Dangu (27720) Conseillère municipale depuis le 23.03.2014 à Dangu
ALIOT, Louis - 2020-09-03-11:53:17 >> activProfCinqDerniereDto >> item >> description,avocat
Masquelier, Frédéric - 2020-08-20-10:28:20 >> participationFinanciereDto >> commentaire,les rémunérations proviennent de l'activité d'avocat. Des participations sont aussi détenues dans la SCI 
        [Données non publiées]
    
        [Données non publiées]
    , ainsi que de la SCI 
        [Données non publiées]
    
        [Données non publiées]
    qui gérait les bureaux
        [Données non publiées]
Arminjon, Christophe - 2020-09-13-09:54:46 >> activProfCinqDerniereDto >> employeur,Selarl ALTERIUS Avocats
Luciano, Kevin - 2020-09-01-22:33:00 >> activProfCinqDerniereDto >> item >> description,Avocat
bonnecarrere, philippe - 2020-10-26-16:32:28 >> activProfCinqDerniereDto >> item >> commentaire,non connu pour 2017 sachant que depuis mon election au senat je ne perçois rien du cabinet d'avocat auquel je suis associé, le montant declaré correspondant en realité à des remboursements de cotisations trop payées au seul credit de la scp et non de moi meme Je prendrai officiellement ma retraite d'avocat au 01012021 et conformément à ce que j'ai mis en place depuis mon élection en 2014 je ne perçois aucune rémunération de la SCP d'avocats à laquelle je suis associé jusqu'à la fin de l'année 2020.
Copé, Jean-François - 2020-06-20-20:10:09 >> activProfCinqDerniereDto >> item >> commentaire,J'ai intégré le Cabinet Stehlin et associés en tant qu'avocat of counsel depuis le 1er octobre 2017 pour un contrat à durée indéterminée. 
        [Données non publiées]
THOUROT, Alice - 2020-07-03-16:04:11 >> activProfCinqDerniereDto >> item >> description,AVOCAT
Hennion, Christine - 2020-12-09-10:58:53 >> activProfCinqDerniereDto >> item >> employeur,Pelletier-avocat
Bachelier, Florian - 2020-05-18-16:32:26 >> fonctionBenevoleDto >> item >> nomStructure,Advocassociation uk - réseau de cabinets d'avocats
LARRIVE, Guillaume - 2017-11-22-19:15:47 >> activProfCinqDerniereDto >> item >> description,Avocat
ALIOT, Louis - 2021-12-06-14:54:41 >> activProfCinqDerniereDto >> item >> employeur,avocat
THOUROT, Alice - 2017-11-30-13:14:22 >> activProfCinqDerniereDto >> item >> employeur,SAS D'AVOCAT THOUROT
BLANC, Etienne - 2021-07-12-15:27:59 >> participationDirigeantDto >> item >> activite,AVOCAT
CLEMENT, Jean Michel - 2020-01-29-16:22:37 >> activCollaborateursDto >> PAPINEAU Julien >> commentaire,exerce par ailleurs activité d'avocat
ZORN, Caroline - 2020-09-20-19:45:16 >> participationDirigeantDto >> nomSociete,Syndicat des Avocats de France (Section de Strasbourg)
BLANC, Etienne - 2021-04-15-16:23:43 >> participationDirigeantDto >> item >> activite,AVOCAT
Moutchou, NaÃ¯ma - 2017-08-21-17:16:13 >> activProfConjointDto >> activiteProf,Avocat
Albertini, Xavier - 2021-05-30-20:00:10 >> activProfCinqDerniereDto >> item >> description,Avocat Associé Droit Fiscal/Droit Sociétés
LARRIVE, Guillaume - 2018-09-27-16:17:36 >> activProfCinqDerniereDto >> item >> employeur,Avocat
DOMINATI, PHILIPPE - 2017-11-28-22:25:01 >> activProfConjointDto >> employeurConjoint,AVOCATE
Arminjon, Christophe - 2020-10-11-09:50:35 >> participationDirigeantDto >> item >> activite,Holding Cabinet d'Avocats
Bachelier, Florian - 2021-04-10-18:19:17 >> fonctionBenevoleDto >> item >> nomStructure,Advoc association uk - réseau de cabinets d'avocats
LARRIVE, Guillaume - 2019-01-16-13:24:18 >> activProfCinqDerniereDto >> item >> employeur,Avocat
SAVIGNAT, Antoine - 2018-03-26-10:53:58 >> participationDirigeantDto >> item >> activite,Cabinet d'Avocats
Houlié, Sacha - 2019-12-22-17:04:48 >> activProfCinqDerniereDto >> description,Avocat libéral
Bachelier, Florian - 2019-01-07-17:04:17 >> fonctionBenevoleDto >> item >> nomStructure,Advocassociation uk - réseau de cabinets d'avocats
BLANC, Etienne - 2021-03-10-16:38:23 >> participationDirigeantDto >> item >> activite,AVOCAT
Bachelier, Florian - 2019-07-08-09:28:09 >> fonctionBenevoleDto >> item >> nomStructure,Advocassociation uk - réseau de cabinets d'avocats
Baroin, François - 2020-08-23-13:33:43 >> activProfCinqDerniereDto >> item >> description,Inscription en qualité d'Avocat à la Chambre Arbitrale Internationale de Paris
Vogel, Louis - 2020-11-16-09:58:03 >> activProfCinqDerniereDto >> item >> description,Cabinet d'avocats
LEVADE, Anne - 2020-03-17-13:13:03 >> activProfConjointDto >> activiteProf,Avocat
Bachelier, Florian - 2019-07-08-09:28:09 >> participationDirigeantDto >> activite,cabinet d'avocats
LEROY, Sebastien - 2020-10-27-15:57:54 >> participationDirigeantDto >> item >> activite,AVOCATS
DUPOND-MORETTI, Eric - 2020-10-30-15:16:15 >> activProfCinqDerniereDto >> item >> employeur,SELARLU DUPOND-MORETTI AVOCAT
ANTHOINE, Emmanuelle - 2019-01-17-16:17:42 >> activProfCinqDerniereDto >> description,avocate
THOUROT, Alice - 2019-02-04-11:27:21 >> activProfCinqDerniereDto >> item >> employeur,SAS D'AVOCAT THOUROT
leclercq, Caroline - 2020-07-14-23:28:27 >> participationDirigeantDto >> item >> activite,cabinet d'avocats
Arminjon, Christophe - 2020-09-02-14:32:33 >> activProfCinqDerniereDto >> description,Avocat associé cogérant
THOUROT, Alice - 2019-02-04-11:27:21 >> participationDirigeantDto >> item >> activite,AVOCATS
ALIOT, Louis - 2020-09-03-11:38:41 >> activProfCinqDerniereDto >> item >> employeur,avocat
NICOLIN, Yves - 2021-04-02-16:52:15 >> activProfCinqDerniereDto >> employeur,AVOCAT
DUPOND-MORETTI, Eric - 2020-08-22-14:48:13 >> activProfCinqDerniereDto >> item >> employeur,SELARLU DUPOND-MORETTI AVOCAT
FAVREAU, GILBERT - 2021-09-13-15:11:41 >> activProfCinqDerniereDto >> description,Avocat
Brosse, Laurent - 2021-02-24-17:08:20 >> activProfCinqDerniereDto >> commentaire,Avocat au barreau des Hauts-de-Seine.Montants 2020 arrêtés en août.
SCHALCK, ELSA - 2021-02-21-12:05:22 >> activProfCinqDerniereDto >> item >> commentaire,Poursuite de l'activité libérale d'avocat à titre individuel, en droit privé.
Gauvain, Raphael - 2021-05-10-09:26:43 >> activProfConjointDto >> activiteProf,Avocate exerçant à titre individuel.
SYLLA, Sira - 2017-08-16-15:10:47 >> activProfCinqDerniereDto >> description,Avocat
RAYEUR-KLEIN, LAURENCE - 2021-04-29-11:14:29 >> activProfConjointDto >> activiteProf,AVOCAT
DUPOND-MORETTI, Eric - 2020-10-30-15:16:15 >> participationDirigeantDto >> item >> nomSociete,SELARLU DUPOND-MORETTI AVOCAT
Foveau, Tristan - 2021-11-09-18:24:33 >> activProfConjointDto >> activiteProf,Avocate collaboratrice libérale 
        [Données non publiées]
Rivière, Jérôme - 2019-08-13-15:59:24 >> activConsultantDto >> item >> nomEmployeur,Avocat
SABATINI, Anaïs - 2020-08-30-18:32:41 >> activProfCinqDerniereDto >> item >> employeur,Avocate au sein de la SELARL NESE en collaboration libérale
Vogel, Louis - 2020-11-16-09:58:03 >> participationFinanciereDto >> item >> commentaire,Il s'agit du cabinet d'avocats au sein duquel j'exerce mon activité professionnelle.
AUBRY, MARTINE - 2021-02-18-09:20:03 >> activProfConjointDto >> employeurConjoint,Avocat en retraite
THOUROT, Alice - 2020-10-02-14:07:34 >> participationDirigeantDto >> item >> nomSociete,SAS D'AVOCAT THOUROT
THOUROT, Alice - 2017-08-18-09:02:12 >> participationFinanciereDto >> commentaire,Il s'agit de ma SAS d'AVOCAT (à rattacher à mon activité professionnelle)
SOW, Sileymane - 2020-09-04-23:39:36 >> activProfCinqDerniereDto >> item >> employeur,SELARL MQS Avocats
BOURDOULEIX, gilles - 2020-07-30-17:08:43 >> participationFinanciereDto >> commentaire,Associé cabinet d'avocat
Arminjon, Christophe - 2020-09-02-14:32:33 >> participationDirigeantDto >> commentaire,Détention du capital de la société d'exercice libéral ALTERIUS Avocats
THOUROT, Alice - 2020-07-03-16:04:11 >> activProfCinqDerniereDto >> item >> employeur,SAS D'AVOCAT THOUROT
THOUROT, Alice - 2021-07-02-11:50:26 >> activProfCinqDerniereDto >> item >> employeur,SAS D'AVOCAT THOUROT
pericard, arnaud - 2020-09-30-16:35:30 >> activProfCinqDerniereDto >> description,avocat
MOREL A L'HUISSIER, PIERRE - 2017-08-03-09:36:06 >> activProfCinqDerniereDto >> description,AVOCAT
Trébulle, François Guy - 2021-06-16-09:43:35 >> activProfConjointDto >> activiteProf,Avocat, collaboratrice d'une SCP d'Avocats aux Conseils
LEVY, Geneviève - 2017-07-27-12:07:17 >> activProfConjointDto >> activiteProf,Avocat 
        [Données non publiées]
ABADIE, Caroline - 2017-08-15-15:48:06 >> activCollaborateursDto >> DAVID FLORENCE >> descriptionActivite,AVOCATE
Degois, Typhanie - 2019-03-24-12:25:16 >> activProfCinqDerniereDto >> item >> employeur,Cabinet Christel Boissel Avocat
MIRALLES, PATRICIA - 2019-04-16-15:20:38 >> activCollaborateursDto >> Courageux Vincent >> employeur,Avocat au barreau de Paris
AESCHLIMANN, MANUEL - 2020-09-26-14:45:53 >> activProfConjointDto >> activiteProf,Avocat à la Cour
bonnecarrere, philippe - 2021-06-07-11:26:46 >> participationDirigeantDto >> item >> nomSociete,cogerant de la scp d avocats
Arminjon, Christophe - 2020-10-11-09:50:35 >> activProfCinqDerniereDto >> employeur,Selarl ALTERIUS Avocats
MOREL A L'HUISSIER, PIERRE - 2019-10-29-16:38:34 >> activProfCinqDerniereDto >> description,AVOCAT
Grau, Romain - 2021-12-17-12:04:20 >> activProfCinqDerniereDto >> employeur,Taj société d'avocats
Margueritte, David - 2020-09-20-19:00:35 >> activProfCinqDerniereDto >> description,Avocat
KERN, Bertrand - 2020-12-04-16:56:25 >> activProfConjointDto >> employeurConjoint,Avocate/ Centre de Formation
HURMIC, Pierre - 2021-05-25-19:38:47 >> activProfCinqDerniereDto >> description,Avocat
MAZARS, stéphane - 2017-10-30-15:19:22 >> participationFinanciereDto >> item >> nomSociete,scp d'avocats
DIARD, ERIC - 2021-12-15-17:10:57 >> activProfCinqDerniereDto >> description,avocat
Ferrand, Richard - 2017-08-05-00:41:07 >> activProfConjointDto >> activiteProf,AVOCATE
THOUROT, Alice - 2017-08-18-09:02:12 >> participationDirigeantDto >> item >> nomSociete,SAS D'AVOCAT THOUROT
FUGIT, Jean-Luc - 2017-07-12-11:04:59 >> activCollaborateursDto >> Lougraida-DUMAS Myriam >> commentaire,Se conforme à l'article 122-1 du Décret n°91-1197 du 27 novembre 1991 organisant la profession d'avocat.
gilbert, collard - 2019-10-08-10:23:54 >> activProfCinqDerniereDto >> description,AVOCAT
Poniatowski, Sébastien - 2020-07-23-20:28:17 >> activProfCinqDerniereDto >> employeur,DPS Avocats
Gauvain, Raphael - 2017-08-05-11:36:29 >> activProfCinqDerniereDto >> description,Avocat associé chez Boken
D'INTORNI, CHRISTELLE - 2020-09-21-10:56:11 >> activProfCinqDerniereDto >> description,AVOCATE ASSOCIEE
Thieriot, jean Louis - 2018-09-18-15:20:27 >> activProfCinqDerniereDto >> item >> description,Avocat
ANTHOINE, Emmanuelle - 2018-01-23-10:35:04 >> activProfCinqDerniereDto >> commentaire,J'exerce mon activité professionnel d'avocate depuis janvier 1990
THOUROT, Alice - 2017-11-30-13:14:22 >> participationFinanciereDto >> nomSociete,SAS D'AVOCAT THOUROT
Copé, Jean-François - 2020-06-20-20:10:09 >> activProfCinqDerniereDto >> item >> description,Avocat of counsel
LEROY, Sebastien - 2021-05-19-00:19:05 >> participationDirigeantDto >> item >> commentaire,SCI détenant les locaux du Cabinet d'Avocats
Meunier, Frederique - 2018-03-16-11:55:11 >> activProfCinqDerniereDto >> description,Avocat
BAKHTIARI MOGHADDAM, Zartoshte - 2020-08-28-14:28:10 >> activProfCinqDerniereDto >> description,Avocat libéral
DUPOND-MORETTI, Eric - 2021-07-12-14:49:07 >> activProfCinqDerniereDto >> item >> description,AVOCAT
MIRALLES, PATRICIA - 2018-02-18-10:18:34 >> activCollaborateursDto >> Courageux Vincent >> employeur,Avocat au barreau de Paris
GOMEZ-BASSAC, Valerie - 2018-06-08-19:55:48 >> participationFinanciereDto >> item >> remuneration,27850 EN 2016 EN TANT QU'AVOCATE ASSOCIE GERANTE
BOURDOULEIX, gilles - 2021-05-28-08:41:57 >> participationFinanciereDto >> item >> commentaire,Associé cabinet d'avocat
GOULET, NATHALIE - 2018-11-05-14:30:30 >> activProfCinqDerniereDto >> item >> description,Avocat Collaborateur
Albertini, Xavier - 2021-05-30-20:00:10 >> activProfCinqDerniereDto >> item >> commentaire,Avocat Associé Département Droit Fiscal/Droit des Sociétés
Cicurel, Ilana - 2020-07-17-13:30:03 >> activProfCinqDerniereDto >> item >> commentaire,Avocate au Barreau de Paris, au sein du cabinet M&LA. Activité déficitaire en 2018 (un mois) et 2019. Dans le cadre du lancement de mon activité, j'ai bénéficié d'une ARCE de Pole Emploi (montant total de 18727 euros attribué en décembre 2018 et versé en 2019). Absence de revenus en 2020 en qualité d'avocate.
Gauvain, Raphael - 2017-12-11-14:27:57 >> activProfCinqDerniereDto >> commentaire,J'ai demandé mon omission du Barreau de Paris à compter du 1er aout 2017. Je n'exercerai donc pas la profession d'avocat pendant mon mandat parlementaire. Les comptes du cabinet sont en cours de finalisation. Je serai donc en mesure de déclarer mes revenus 2017 définitif au titre de cette activité à la fin de l'année.
BLANCHÉ, Hervé - 2020-11-01-11:26:09 >> activProfCinqDerniereDto >> description,AVOCAT
Foveau, Tristan - 2020-07-24-18:09:33 >> activProfCinqDerniereDto >> item >> commentaire,5 mois de stage réalisé au titre de ma formation à l'école des avocats de Lille dans le cadre de la reprise de celle-ci après sa suspension temporaire.
LEGENDRE, Jean-Paul - 2020-08-25-18:25:24 >> activProfCinqDerniereDto >> description,Avocat
longuet, gerard - 2017-11-27-23:52:01 >> activProfConjointDto >> employeurConjoint,avocat
DUPOND-MORETTI, Eric - 2021-07-12-14:49:07 >> participationFinanciereDto >> item >> nomSociete,SELARLU DUPOND-MORETTI AVOCAT
KAMARDINE, Mansour - 2019-12-08-05:58:31 >> activProfCinqDerniereDto >> description,AVOCAT
Rouly, Nicolas - 2020-09-01-09:46:56 >> activProfCinqDerniereDto >> item >> description,Avocat
blanc, sophie - 2020-10-20-10:30:32 >> activProfCinqDerniereDto >> description,avocate
THOUROT, Alice - 2020-07-03-16:04:11 >> participationFinanciereDto >> nomOrganisationConseil,SAS D'AVOCAT
GOMEZ-BASSAC, Valerie - 2020-08-27-12:45:55 >> participationFinanciereDto >> item >> remuneration,27850 EN 2016 EN TANT QU'AVOCATE ASSOCIE GERANTE
Masquelier, Frédéric - 2021-04-09-15:24:19 >> activProfCinqDerniereDto >> commentaire,Je n'ai exercé que les fonctions d'avocat pendant cette période étant inscrit au barreau depuis janvier 2000. Je poursuis mon activité professionnelle
THOUROT, Alice - 2021-07-02-11:50:26 >> participationDirigeantDto >> item >> nomSociete,SAS D'AVOCAT THOUROT
DUFFOURG, ALAIN - 2020-11-16-15:27:09 >> activProfCinqDerniereDto >> commentaire,Pour cette année 2020 je conserve mon activité d'avocat  Les revenus de 2020 sont indiqués à titre provisoire , profession libérale mon exercice n'est pas clos
Gauvain, Raphael - 2018-02-12-17:00:35 >> activProfCinqDerniereDto >> commentaire,J'ai demandé mon omission du Barreau de Paris à compter du 1er aout 2017. Je n'exercerai donc pas la profession d'avocat pendant mon mandat parlementaire. Les comptes du cabinet sont en cours de finalisation. Je serai donc en mesure de déclarer mes revenus 2017 définitif au titre de cette activité à la fin de l'année.
Nicolas, Gaëlle - 2020-11-25-21:44:05 >> activProfConjointDto >> activiteProf,avocat
LAMBERT, François-Michel - 2021-05-26-09:09:15 >> activCollaborateursDto >> RIAM Frédérique >> descriptionActivite,Avocate collaboratrice (collaboration libérale)
BRIAND, Sacha - 2021-10-28-16:17:43 >> activProfCinqDerniereDto >> description,avocat, organisme agréé pour la formation des élus locaux
DUPOND-MORETTI, Eric - 2020-08-22-14:48:13 >> activProfCinqDerniereDto >> item >> description,AVOCAT
CLEMENT, Jean Michel - 2017-07-20-09:59:27 >> activProfCinqDerniereDto >> description,Avocat
Bachelier, Florian - 2020-11-25-15:36:38 >> fonctionBenevoleDto >> item >> nomStructure,Advoc association uk - réseau de cabinets d'avocats
GOMEZ-BASSAC, Valerie - 2018-07-12-19:07:40 >> participationFinanciereDto >> item >> remuneration,27850 EN 2016 EN TANT QU'AVOCATE ASSOCIE GERANTE
Cardon, Rémi - 2020-11-05-13:53:37 >> activProfConjointDto >> activiteProf,Avocate
Bachelier, Florian - 2019-03-25-11:19:54 >> fonctionBenevoleDto >> item >> nomStructure,Advoc association uk - réseau de cabinets d'avocats
ALIOT, Louis - 2021-12-09-09:25:33 >> activProfCinqDerniereDto >> item >> employeur,avocat
ALIOT, Louis - 2020-09-03-11:38:41 >> activProfCinqDerniereDto >> item >> description,avocat
Gauvain, Raphael - 2018-02-12-17:00:35 >> activProfCinqDerniereDto >> description,Avocat associé chez Boken
Baroin, François - 2021-06-20-14:28:11 >> activProfCinqDerniereDto >> item >> employeur,Avocat exerçant en régime libéral. Associé AARPI STAS depuis 03/04/2018.
Bachelier, Florian - 2019-03-25-11:19:54 >> participationDirigeantDto >> activite,cabinet d'avocats
GUERINI, JEAN NOEL - 2020-10-29-09:18:50 >> activProfConjointDto >> activiteProf,- Avocat individuel - Retraitée
Vogel, Louis - 2020-08-12-15:52:21 >> activProfCinqDerniereDto >> item >> description,Cabinet d'avocats
FIORENTINO, Christophe - 2020-07-22-16:50:46 >> activProfCinqDerniereDto >> description,AVOCAT
Rivière, Jérôme - 2021-04-13-19:24:41 >> activConsultantDto >> item >> nomEmployeur,Avocat
chalopin, philippe - 2021-08-02-12:04:54 >> activProfCinqDerniereDto >> description,AVOCAT
LOUIS, Alexandra - 2021-10-25-18:45:43 >> activProfCinqDerniereDto >> item >> description,AVOCAT
Marsigny, Brigitte - 2020-08-31-18:21:08 >> activProfCinqDerniereDto >> description,avocat
vabre, caroline - 2021-08-07-11:25:17 >> activProfCinqDerniereDto >> employeur,Profession libérale AVOCAT exercée à titre individuel
BLANC, Jean-Baptiste - 2020-11-26-18:45:17 >> activProfCinqDerniereDto >> item >> description,Avocat
DUFFOURG, ALAIN - 2021-11-30-18:38:24 >> activProfCinqDerniereDto >> commentaire,Pour cette année 2020 je conserve mon activité d'avocat Les revenus de 2020 sont indiqués à titre provisoire , profession libérale mon exercice n'est pas clos
Vogel, Louis - 2020-08-12-15:52:21 >> participationFinanciereDto >> item >> commentaire,Il s'agit du cabinet d'avocats au sein duquel j'exerce mon activité professionnelle.
MILLER, Laure - 2020-10-27-21:58:43 >> activProfCinqDerniereDto >> item >> description,avocat
CLEMENT, Jean Michel - 2018-02-22-21:43:04 >> activProfCinqDerniereDto >> description,Avocat
LEROY, Sebastien - 2021-05-19-00:19:05 >> activProfCinqDerniereDto >> description,Avocat
LIGONNIERE, MARIE - 2021-03-09-14:06:12 >> activProfCinqDerniereDto >> item >> description,AVOCAT
RITOURET, Bertrand - 2021-01-26-10:36:31 >> activProfCinqDerniereDto >> description,avocat
LEROY, Sebastien - 2021-05-19-00:19:05 >> participationFinanciereDto >> item >> nomSociete,SELARL LEGIPOLIS AVOCATS
Arminjon, Christophe - 2020-09-02-14:32:33 >> activProfCinqDerniereDto >> employeur,Selarl ALTERIUS Avocats
BUGIS, Pascal - 2020-11-11-19:51:39 >> activProfConjointDto >> activiteProf,Salariée cabinet d'avocat
Margueritte, David - 2020-09-20-19:00:35 >> activProfCinqDerniereDto >> employeur,Avocat libéral
Gauvain, Raphael - 2019-05-02-23:10:51 >> activProfCinqDerniereDto >> description,Avocat associé chez Boken
THOUROT, Alice - 2019-02-04-11:27:21 >> participationFinanciereDto >> nomOrganisationConseil,SAS D'AVOCAT
Cicurel, Ilana - 2020-10-25-20:55:19 >> activProfConjointDto >> activiteProf,Avocat, associé
Copé, Jean-François - 2021-03-28-19:03:05 >> activConsultantDto >> commentaire,Activité en cours. JFC Conseil est une société par actions simplifiée à associé unique, créée pour l’exercice d’une « activité de conseil connexe à l’exercice de la profession d’avocat » dans les conditions fixées par l’article 111 du décret n° 91-1197 du 27 novembre 1991 et après approbation du Conseil de l’ordre des avocats de Paris en date du 22 octobre 2019. Les rémunérations et revenus ne sont connus qu'à la clôture de l'année fiscale en cours.
THOUROT, Alice - 2017-08-18-09:02:12 >> activProfCinqDerniereDto >> item >> employeur,SAS D'AVOCAT THOUROT
DUPOND-MORETTI, Eric - 2020-10-30-15:16:15 >> activProfCinqDerniereDto >> item >> description,AVOCAT
Bachelier, Florian - 2020-11-25-15:36:38 >> participationDirigeantDto >> activite,cabinet d'avocats
SAVIGNAT, Antoine - 2018-03-26-10:53:58 >> activProfCinqDerniereDto >> description,AVOCAT
Hocquard, frederic - 2020-09-11-18:18:50 >> activProfConjointDto >> activiteProf,Avocate
Gauvain, Raphael - 2021-05-10-09:26:43 >> observationInteretDto >> contenu,Je me suis réinscrit au Barreau de Paris à compter du 20 avril 2021 pour un exercice professionnel d'avocat en indépendant, en complément de mon mandat de parlementaire.
KERN, Bertrand - 2021-04-27-16:49:38 >> activProfConjointDto >> activiteProf,AvocateEnseignante
Foveau, Tristan - 2021-10-20-18:34:21 >> activProfConjointDto >> activiteProf,Avocate collaboratrice libérale 
        [Données non publiées]
MIRALLES, PATRICIA - 2019-02-13-09:23:21 >> activCollaborateursDto >> Courageux Vincent >> descriptionActivite,Avocat
dubois, jacqueline - 2017-07-23-16:29:04 >> activCollaborateursDto >> Ghirardelli Jacqueline >> descriptionActivite,avocate en libéral
Gauvain, Raphael - 2018-06-22-18:34:11 >> activProfConjointDto >> activiteProf,Avocate exerçant à titre individuel.
Meunier, Frederique - 2018-03-16-11:55:11 >> activProfCinqDerniereDto >> commentaire,J'ai cessé mon activité d'avocat depuis le 1er janvier 2018
DIARD, ERIC - 2017-08-18-14:57:53 >> activProfCinqDerniereDto >> description,avocat
GUERINI, JEAN NOEL - 2021-05-20-13:39:05 >> activProfConjointDto >> activiteProf,- Avocat individuel - Retraitée
LABELLE, pascal - 2020-08-18-11:10:44 >> activProfConjointDto >> employeurConjoint,avocat
Arminjon, Christophe - 2020-09-02-14:32:33 >> participationDirigeantDto >> activite,Holding Cabinet d'Avocats
THOUROT, Alice - 2017-08-18-09:02:12 >> participationDirigeantDto >> item >> commentaire,[Données non publiées]
     Sa dissolution a été actée entre juin et juillet 2017(AG + Ordre des Avocats).
Lévrier, Martin - 2017-11-13-11:23:55 >> activCollaborateursDto >> BARRY François >> descriptionActivite,Avocat
Rouly, Nicolas - 2021-06-01-22:43:55 >> activProfCinqDerniereDto >> item >> description,Avocat
AUBRY, MARTINE - 2021-02-10-10:49:25 >> activProfConjointDto >> employeurConjoint,Avocat en retraite
Ferrand, Richard - 2017-09-06-18:38:20 >> activProfConjointDto >> activiteProf,AVOCATE
D'INTORNI, CHRISTELLE - 2020-09-21-10:56:11 >> activProfConjointDto >> activiteProf,gérant société avocat
NICOLIN, Yves - 2021-04-02-16:52:15 >> activProfCinqDerniereDto >> description,AVOCAT A LA COUR D'APPEL DE PARIS
Gauvain, Raphael - 2018-06-22-18:34:11 >> activProfCinqDerniereDto >> description,Avocat associé chez Boken
Avia, Laetitia - 2020-10-10-17:42:05 >> activProfCinqDerniereDto >> item >> description,Avocate en exercice libéral
LEGENDRE, Jean-Paul - 2020-08-25-18:25:24 >> activProfConjointDto >> activiteProf,Avocate
THOUROT, Alice - 2021-07-02-11:50:26 >> participationDirigeantDto >> item >> activite,AVOCATS
DEPONDT, Jérôme - 2021-06-28-23:30:00 >> activProfCinqDerniereDto >> description,avocat
Moutchou, NaÃ¯ma - 2017-08-21-17:16:13 >> activProfCinqDerniereDto >> description,Avocat
Avia, Laetitia - 2019-12-07-02:14:51 >> activProfCinqDerniereDto >> item >> description,Avocate en exercice libéral
THOUROT, Alice - 2021-07-02-11:50:26 >> activProfCinqDerniereDto >> item >> description,AVOCAT
LOUIS, Alexandra - 2017-08-21-21:18:28 >> activProfCinqDerniereDto >> item >> description,AVOCAT
MOREL A L'HUISSIER, PIERRE - 2021-10-07-16:37:06 >> activProfCinqDerniereDto >> item >> commentaire,Reprise d'activité d'avocat exercée antérieurement au mandat de député
FAURE, Bertrand - 2020-09-16-16:40:20 >> participationDirigeantDto >> commentaire,La rémunération de gérance perçue correspond à ma rémunération d'avocat
ANTHOINE, Emmanuelle - 2021-10-15-18:44:28 >> activProfCinqDerniereDto >> commentaire,J'exerce mon activité professionnel d'avocate depuis janvier 1990 et l'ai cessée au 31 décembre 2018.
DUFFOURG, ALAIN - 2020-11-16-15:27:09 >> activProfCinqDerniereDto >> description,AVOCAT
PIN, Virginie - 2020-08-18-16:47:10 >> activProfCinqDerniereDto >> description,avocat
BRIERE, Quentin - 2020-10-03-11:52:44 >> activProfCinqDerniereDto >> item >> description,Avocat
DUFFOURG, ALAIN - 2021-05-28-18:40:31 >> activProfCinqDerniereDto >> commentaire,Pour cette année 2020 je conserve mon activité d'avocat Les revenus de 2020 sont indiqués à titre provisoire , profession libérale mon exercice n'est pas clos
BLANC, Etienne - 2021-05-19-13:51:09 >> participationDirigeantDto >> item >> activite,AVOCAT
GOULET, NATHALIE - 2020-09-03-10:22:54 >> activProfCinqDerniereDto >> item >> description,Avocat Collaborateur
MAZARS, stéphane - 2017-08-14-16:56:15 >> participationDirigeantDto >> item >> nomSociete,SCP d'avocats
DUPOND-MORETTI, Eric - 2020-08-22-14:46:03 >> fondDto >> description,Fonds libéral d'avocat
Foveau, Tristan - 2021-11-09-18:24:33 >> activProfConjointDto >> employeurConjoint,Selarl 
        [Données non publiées]
     Avocats
LARRIVE, Guillaume - 2019-12-19-08:24:05 >> activProfCinqDerniereDto >> item >> description,Avocat
Auslender, Jérôme - 2021-08-03-14:44:35 >> participationDirigeantDto >> item >> nomSociete,Société d'exercice libéral à responsabilité limitée, LKJ Avocats
BASCHER, Jérôme - 2017-12-18-22:43:44 >> activCollaborateursDto >> CHAIX Carine >> descriptionActivite,avocat à la cour
Muriel, JOURDA - 2017-11-26-19:42:57 >> activProfCinqDerniereDto >> description,avocat
bonnecarrere, philippe - 2020-10-26-16:32:28 >> participationDirigeantDto >> item >> nomSociete,cogerant de la scp d avocats
CAPUS, Emmanuel - 2017-11-30-12:51:58 >> activConsultantDto >> description,Avocat
DEPONDT, Jérôme - 2021-06-28-23:30:00 >> participationDirigeantDto >> nomSociete,IFL AVOCATS
Cicurel, Ilana - 2020-10-25-20:55:19 >> activProfCinqDerniereDto >> item >> description,Avocate
Rouillard, Gwendal - 2017-08-22-16:53:35 >> activProfConjointDto >> activiteProf,Avocate et 
        [Données non publiées]
     de l'entreprise
Foveau, Tristan - 2020-07-24-18:09:33 >> activProfConjointDto >> activiteProf,Avocate collaboratrice libérale 
        [Données non publiées]
VOITURIEZ, Anne - 2020-10-04-18:42:36 >> activProfCinqDerniereDto >> item >> commentaire,mon activité d'avocate est résiduelle
Poniatowski, Sébastien - 2021-07-30-06:40:15 >> activProfCinqDerniereDto >> description,Avocat
GOULET, NATHALIE - 2018-11-05-14:30:30 >> activProfCinqDerniereDto >> item >> commentaire,Le contrat avec le Cabinet Shefet a été résilié le 25 juillet 2018Cessation d'activité d'avocat le 15 octobre 2018
MANUOHALALO, Magali - 2019-07-16-03:11:58 >> activProfCinqDerniereDto >> description,avocat
THOUROT, Alice - 2020-07-03-16:04:11 >> participationDirigeantDto >> item >> nomSociete,SAS D'AVOCAT THOUROT
Grelier, Jean Carles - 2017-10-27-09:03:46 >> activProfCinqDerniereDto >> item >> description,Avocat
Ferrand, Richard - 2019-09-03-15:09:13 >> activProfConjointDto >> activiteProf,AVOCATE
MAZARS, stéphane - 2017-10-30-15:19:22 >> activProfCinqDerniereDto >> commentaire,avocat généraliste au sein d'une SCP au barreau de l'AVEYRON je ne connais pas encore mon BNC de 2017. Pendant mon mandat de sénateur mes revenus pro étaient moins importants (moins d'industrie) en accord avec mes associés.
Mohamed Soilihi, Thani - 2019-10-12-21:21:21 >> activProfCinqDerniereDto >> description,avocat
MIRALLES, PATRICIA - 2019-02-13-09:23:21 >> activCollaborateursDto >> Courageux Vincent >> employeur,Avocat au barreau de Paris
Meunier, Frederique - 2017-07-31-12:34:23 >> activProfCinqDerniereDto >> description,Avocat
AUDEGOND, Armand - 2020-09-08-10:46:42 >> activProfConjointDto >> activiteProf,AVOCATE
ZORN, Caroline - 2020-09-20-19:45:16 >> activProfCinqDerniereDto >> item >> description,Avocate
Gauvain, Raphael - 2017-12-11-14:27:57 >> activProfConjointDto >> activiteProf,Avocate exerçant à titre individuel.
de Maistre, Elisabeth - 2020-07-15-22:51:53 >> activProfCinqDerniereDto >> item >> description,avocat libéral
ANTHOINE, Emmanuelle - 2021-08-11-16:46:21 >> activProfCinqDerniereDto >> description,avocate
Thieriot, jean Louis - 2018-09-18-15:20:27 >> activProfCinqDerniereDto >> item >> employeur,Suchet avocats
Arminjon, Christophe - 2021-06-05-19:17:26 >> observationInteretDto >> contenu,A ma demande, l'Ordre des Avocats a procédé à mon omission à compter du 01/01/2021, date à compter de laquelle je n'exerce plus d'activité professionnelle. Mes participations dans le Cabinet d'Avocats où j'exerçais (holding : SPFPL OPUS NOVUM dont je reste créancier au titre d'un crédit-vendeur et société d'exploitation : SARL ALTERIUS) ont été cédées le 28/01/2021 (enregistrement du 16/02/2021)
BLANC, Jean-Baptiste - 2021-03-26-18:12:29 >> activProfCinqDerniereDto >> item >> description,Avocat
THOUROT, Alice - 2017-11-30-13:14:22 >> participationDirigeantDto >> item >> activite,AVOCATS
Masquelier, Frédéric - 2021-04-09-15:24:19 >> activProfCinqDerniereDto >> description,AVOCAT - gérant majoritaire de la SELARL
        [Données non publiées]
MOREL A L'HUISSIER, PIERRE - 2021-12-17-17:15:49 >> activProfCinqDerniereDto >> item >> description,AVOCAT
MAZARS, stéphane - 2017-08-14-16:56:15 >> participationDirigeantDto >> item >> commentaire,je suis co-gérant avec mes associés de la SCI propriétaire du cabinet d'avocats.
LEROY, Sebastien - 2020-10-27-15:57:54 >> activProfCinqDerniereDto >> description,Avocat
bonnecarrere, philippe - 2020-10-26-16:32:28 >> activProfCinqDerniereDto >> item >> employeur,exercice liberal en tant que membre de la scp davocats portant notamment mon nom
Gauvain, Raphael - 2017-12-11-14:27:57 >> activProfCinqDerniereDto >> description,Avocat associé chez Boken
Gauvain, Raphael - 2018-06-22-18:34:11 >> activProfCinqDerniereDto >> commentaire,J'ai demandé mon omission du Barreau de Paris à compter du 1er aout 2017. Je n'exercerai donc pas la profession d'avocat pendant mon mandat parlementaire. Les comptes du cabinet sont en cours de finalisation. Je serai donc en mesure de déclarer mes revenus 2017 définitif au titre de cette activité à la fin de l'année.
GOMEZ-BASSAC, Valerie - 2017-08-17-19:19:48 >> participationFinanciereDto >> item >> remuneration,27850 EN 2016 EN TANT QU'AVOCATE ASSOCIE GERANTE
LARRIVE, Guillaume - 2017-07-31-16:54:43 >> activProfCinqDerniereDto >> item >> description,Avocat
Masquelier, Frédéric - 2020-08-20-10:28:20 >> activProfCinqDerniereDto >> description,AVOCAT
ANTHOINE, Emmanuelle - 2019-01-17-16:17:42 >> observationInteretDto >> contenu,J'ai cessé mon activité professionnelle d'avocat au 31/12/2018 et ai cédé ma clientèle.
BLANCHÉ, Hervé - 2020-10-04-12:37:29 >> activProfCinqDerniereDto >> description,AVOCAT
MILLER, Laure - 2020-10-27-21:58:43 >> activProfCinqDerniereDto >> item >> employeur,Avocat collaborateur libéral
schillinger, patricia - 2020-11-26-13:23:09 >> activCollaborateursDto >> Fichet-Boyle Isabelle >> employeur,Avocate inscrite au barreau de l'EURE depuis le 02.01.2019 à Dangu (27720) Conseillère municipale depuis le 23.03.2014 à Dangu
BRIAND, Sacha - 2021-10-28-16:14:28 >> activProfCinqDerniereDto >> description,avocat, organisme agréé pour la formation des élus locaux
THOUROT, Alice - 2019-02-04-11:27:21 >> participationDirigeantDto >> item >> commentaire,La AARPI était constituée de la SELARL CABINET CHAMPAUZAC et de la SAS D'AVOCAT THOUROT. Sa dissolution a été actée entre juin et juillet 2017(AG + Ordre des Avocats).
Copé, Jean-François - 2020-06-20-20:10:09 >> activConsultantDto >> commentaire,Activité en cours. JFC Conseil est une société par actions simplifiée à associé unique, créée pour l’exercice d’une « activité de conseil connexe à l’exercice de la profession d’avocat » dans les conditions fixées par l’article 111 du décret n° 91-1197 du 27 novembre 1991 et après approbation du Conseil de l’ordre des avocats de Paris en date du 22 octobre 2019. Les rémunérations et revenus ne sont connus qu'à la clôture de l'année fiscale en cours.
THOUROT, Alice - 2017-08-18-09:02:12 >> activProfCinqDerniereDto >> item >> description,AVOCAT
AUDEGOND, Armand - 2020-09-08-10:46:42 >> activProfCinqDerniereDto >> description,AVOCAT
blanc, sophie - 2021-08-02-11:39:03 >> activProfCinqDerniereDto >> description,avocate
GUERINI, JEAN NOEL - 2021-05-21-09:02:28 >> activProfConjointDto >> activiteProf,- Avocat individuel - Retraitée
THOUROT, Alice - 2017-11-30-13:14:22 >> participationFinanciereDto >> commentaire,Il s'agit de ma SAS d'AVOCAT (à rattacher à mon activité professionnelle)
LEROY, Sebastien - 2020-07-21-20:52:25 >> activProfCinqDerniereDto >> commentaire,Rémunéré en qualité de gérant de la SELARL d'Avocats.
Cardon, Rémi - 2021-03-26-13:35:31 >> activProfConjointDto >> activiteProf,Avocate
Houlié, Sacha - 2017-07-31-10:46:31 >> activProfCinqDerniereDto >> description,Avocat libéral
THOUROT, Alice - 2017-11-30-13:14:22 >> participationDirigeantDto >> item >> nomSociete,SAS D'AVOCAT THOUROT
longuet, gerard - 2017-11-27-23:52:01 >> activProfConjointDto >> activiteProf,avocat
CORBIERE, Alexis - 2017-08-07-16:12:21 >> activProfConjointDto >> activiteProf,Avocat
LARRIVE, Guillaume - 2021-12-13-11:14:00 >> activProfCinqDerniereDto >> item >> description,Avocat
Lochmann Beaujour, Sabine - 2020-04-19-23:04:57 >> valeursNonEnBourseDto >> item >> commentaire,activité d'avocat de mon conjoint
MOREL A L'HUISSIER, PIERRE - 2019-09-10-12:31:15 >> activProfCinqDerniereDto >> description,AVOCAT
bonnecarrere, philippe - 2021-06-07-11:26:46 >> activProfCinqDerniereDto >> item >> commentaire,non connu pour 2017 sachant que depuis mon election au senat je ne perçois rien du cabinet d'avocat auquel je suis associé, le montant declaré correspondant en realité à des remboursements de cotisations trop payées au seul credit de la scp et non de moi meme Je prendrai officiellement ma retraite d'avocat au 01012021 et conformément à ce que j'ai mis en place depuis mon élection en 2014 je ne perçois aucune rémunération de la SCP d'avocats à laquelle je suis associé jusqu'à la fin de l'année 2020.
LABELLE, pascal - 2020-08-18-11:10:44 >> activProfConjointDto >> activiteProf,avocat
Brosse, Laurent - 2020-10-04-10:15:16 >> activProfCinqDerniereDto >> employeur,PwC Société d'avocats
LEROY, Franck - 2020-08-06-11:21:02 >> activProfCinqDerniereDto >> description,Avocat
Albertini, Xavier - 2020-08-18-09:17:56 >> participationFinanciereDto >> item >> nomSociete,ACG Société Avocats
BASCHER, Jérôme - 2017-12-18-22:43:44 >> activCollaborateursDto >> CHAIX Carine >> employeur,Avocat, profession libérale
Avia, Laetitia - 2018-03-31-21:43:06 >> activProfCinqDerniereDto >> item >> description,Avocate en exercice libéral
Moutchou, NaÃ¯ma - 2018-10-04-18:26:56 >> activProfConjointDto >> activiteProf,Avocat
THOUROT, Alice - 2017-08-18-09:02:12 >> participationFinanciereDto >> nomSociete,SAS D'AVOCAT THOUROT
DUPOND-MORETTI, Eric - 2020-10-30-15:14:16 >> valeursNonEnBourseDto >> item >> denomination,SELARLU DUPOND-MORETTI AVOCAT
DUFFOURG, ALAIN - 2021-05-31-15:40:43 >> activProfCinqDerniereDto >> commentaire,Pour cette année 2020 je conserve mon activité d'avocat Les revenus de 2020 sont indiqués à titre provisoire , profession libérale mon exercice n'est pas clos
THOUROT, Alice - 2020-10-02-14:07:34 >> activProfCinqDerniereDto >> item >> description,AVOCAT
MODURIER, Aurélien - 2020-11-13-19:09:22 >> activProfCinqDerniereDto >> item >> commentaire,Cabinet d'avocat spécialisé en droit de la concurrence et droit de la distribution. Dans le cadre d'une année de césure.
DOMINATI, PHILIPPE - 2017-11-28-22:25:01 >> activProfConjointDto >> activiteProf,AVOCATE
Galut, Yann - 2020-08-27-17:22:10 >> activProfCinqDerniereDto >> item >> description,Avocat
Houlié, Sacha - 2019-12-22-17:04:48 >> activProfCinqDerniereDto >> employeur,Avocat libéral
BLANC, Jean-Baptiste - 2021-03-26-18:12:29 >> activProfCinqDerniereDto >> item >> commentaire,Le résultat de 2019 est déficitaire ( - 57 149 euros) en raison d'une régularisation de charges liée à l'exercice 2018 ayant donné lieu à un résultat exceptionnel.Avocat au Barreau d'Avignon depuis le 24/06/2005, je n'exerce plus mon activité d'avocat depuis mon élection et me suis fait omettre du barreau le 18 Mars 2021.
AUDEGOND, Armand - 2020-09-08-10:46:42 >> activProfCinqDerniereDto >> commentaire,BNC PROFESSION LIBERALE AVOCAT
Gauvain, Raphael - 2019-05-02-23:10:51 >> activProfCinqDerniereDto >> commentaire,J'ai demandé mon omission du Barreau de Paris à compter du 1er aout 2017. Je n'exercerai donc pas la profession d'avocat pendant mon mandat parlementaire. Les comptes du cabinet sont en cours de finalisation. Je serai donc en mesure de déclarer mes revenus 2017 définitif au titre de cette activité à la fin de l'année.
Auslender, Jérôme - 2020-09-15-12:26:32 >> activProfCinqDerniereDto >> item >> employeur,Société LKJ AVOCATS
VIRY, Stéphane - 2017-08-04-09:51:03 >> activProfCinqDerniereDto >> description,avocat
JEAN, TERLIER - 2017-08-16-13:36:16 >> participationDirigeantDto >> activite,AVOCAT
Foveau, Tristan - 2021-11-09-18:24:33 >> activProfCinqDerniereDto >> item >> commentaire,5 mois de stage réalisé au titre de ma formation à l'école des avocats de Lille dans le cadre de la reprise de celle-ci après sa suspension temporaire.
Vigier, Jean-françois - 2020-09-16-23:37:41 >> activProfCinqDerniereDto >> description,Avocat « off council «
Arminjon, Christophe - 2020-09-13-09:54:46 >> activProfCinqDerniereDto >> description,Avocat associé cogérant
BOURDOULEIX, gilles - 2020-07-30-17:08:43 >> activProfCinqDerniereDto >> description,avocat
HURMIC, Pierre - 2020-09-03-17:44:15 >> activProfCinqDerniereDto >> description,Avocat
THOUROT, Alice - 2020-07-03-16:04:11 >> participationDirigeantDto >> item >> activite,AVOCATS
Albertini, Xavier - 2021-05-30-20:00:10 >> participationFinanciereDto >> item >> commentaire,Activité Professionnelle Avocat
THURIOT, Denis - 2021-05-23-15:09:02 >> activProfCinqDerniereDto >> description,avocat
Reardon, Matthew - 2017-07-26-17:29:48 >> activProfCinqDerniereDto >> description,Avocat agréé près les Tribunaux
GOMEZ-BASSAC, Valerie - 2018-06-08-19:55:48 >> activConsultantDto >> item >> description,Avocate associée gérante
ALIOT, Louis - 2021-12-06-14:54:41 >> activProfCinqDerniereDto >> item >> description,avocat
GOMEZ-BASSAC, Valerie - 2017-08-17-19:19:48 >> activConsultantDto >> item >> description,Avocate associée gérante
ESCUDIER, julie - 2020-12-15-14:41:05 >> activProfCinqDerniereDto >> description,Avocate
BAUDOUX, Gérard - 2020-09-04-17:42:30 >> activProfCinqDerniereDto >> description,AVOCAT
SYLLA, Sira - 2017-08-16-15:10:47 >> activProfCinqDerniereDto >> commentaire,J'envisage de suspendre mon activité d'avocat à la fin de l'année 2017.
Degois, Typhanie - 2017-07-22-16:08:07 >> activProfCinqDerniereDto >> item >> employeur,Cabinet Christel Boissel Avocat
SABATINI, Anaïs - 2020-08-30-18:32:41 >> activProfCinqDerniereDto >> item >> description,Eleve Avocate
Gauvain, Raphael - 2020-07-15-11:39:37 >> activProfCinqDerniereDto >> description,Avocat associé chez Boken
Albertini, Xavier - 2020-08-18-09:17:56 >> activProfCinqDerniereDto >> item >> employeur,ACG Société Avocats
paoli-gagin, Vanina - 2020-11-25-16:29:53 >> activProfCinqDerniereDto >> item >> description,Avocat
Gauvain, Raphael - 2018-02-12-17:00:35 >> activProfConjointDto >> activiteProf,Avocate exerçant à titre individuel.
SCHALCK, ELSA - 2020-11-25-12:10:32 >> activProfCinqDerniereDto >> item >> description,avocat libéral
THOUROT, Alice - 2021-07-02-11:50:26 >> participationDirigeantDto >> item >> commentaire,La AARPI était constituée de la SELARL CABINET CHAMPAUZAC et de la SAS D'AVOCAT THOUROT. Sa dissolution a été actée entre juin et juillet 2017(AG + Ordre des Avocats).
LARRIVE, Guillaume - 2021-12-13-11:14:00 >> activProfCinqDerniereDto >> item >> employeur,Avocat
DIARD, ERIC - 2019-10-16-12:13:01 >> activProfCinqDerniereDto >> description,avocat
VOITURIEZ, Anne - 2020-10-04-18:42:36 >> activProfCinqDerniereDto >> item >> description,avocate
KERN, Bertrand - 2020-06-24-16:47:05 >> activProfConjointDto >> activiteProf,AvocateEnseignante
BOLE, Cédric - 2021-05-19-00:13:11 >> activProfConjointDto >> employeurConjoint,Etude d'Avocats 
        [Données non publiées]
ANTHOINE, Emmanuelle - 2021-10-15-18:44:28 >> activProfCinqDerniereDto >> description,avocate
Arminjon, Christophe - 2020-09-13-09:54:46 >> participationDirigeantDto >> activite,Holding Cabinet d'Avocats
GOMEZ-BASSAC, Valerie - 2021-10-26-18:11:59 >> activConsultantDto >> item >> description,Avocate associée gérante
LEROY, Sebastien - 2020-07-21-20:52:25 >> participationDirigeantDto >> item >> nomSociete,SELARL LEGIPOLIS AVOCATS
KERN, Bertrand - 2021-04-27-16:49:38 >> activProfConjointDto >> employeurConjoint,Avocate/ Centre de Formation
Degois, Typhanie - 2017-11-08-13:24:38 >> activProfCinqDerniereDto >> item >> employeur,Cabinet Christel Boissel Avocat
ANTHOINE, Emmanuelle - 2017-08-14-11:45:42 >> activProfCinqDerniereDto >> commentaire,J'exerce mon activité professionnel d'avocate depuis janvier 1990
THOUROT, Alice - 2020-10-02-14:07:34 >> participationDirigeantDto >> item >> commentaire,La AARPI était constituée de la SELARL CABINET CHAMPAUZAC et de la SAS D'AVOCAT THOUROT. Sa dissolution a été actée entre juin et juillet 2017(AG + Ordre des Avocats).
NICOLIN, Yves - 2020-09-03-11:51:36 >> activProfCinqDerniereDto >> description,AVOCAT A LA COUR D'APPEL DE PARIS
Questel, Bruno - 2017-08-21-12:05:05 >> activProfCinqDerniereDto >> description,Avocat
CALVET, Francois - 2017-11-12-18:23:30 >> activCollaborateursDto >> JOSENDE Lauriane >> commentaire,Lauriane Josende est ma collaboratrice parlementaire depuis le 7 octobre 2017.Elle est Docteur en Droit et ancien avocat au Barreau de Perpignan
Ferrand, Richard - 2019-07-31-16:59:25 >> activProfConjointDto >> activiteProf,AVOCATE
Mohamed Soilihi, Thani - 2017-11-22-08:52:07 >> activProfCinqDerniereDto >> description,avocat
MOREL, jean-philippe - 2021-02-07-17:11:09 >> activProfCinqDerniereDto >> description,avocat
Bachelier, Florian - 2019-01-26-10:30:36 >> fonctionBenevoleDto >> item >> nomStructure,Advocassociation uk - réseau de cabinets d'avocats
MAZARS, stéphane - 2017-10-30-15:19:22 >> participationDirigeantDto >> item >> commentaire,je suis co-gérant avec mes associés de la SCI propriétaire du cabinet d'avocats.
schillinger, patricia - 2021-01-12-13:30:00 >> activCollaborateursDto >> Fichet-Boyle Isabelle >> employeur,Avocate inscrite au barreau de l'EURE depuis le 02.01.2019 à Dangu (27720) Conseillère municipale depuis le 23.03.2014 à Dangu
BRIAND, Sacha - 2020-10-02-11:09:33 >> activProfCinqDerniereDto >> description,avocat, organisme agréé pour la formation des élus locaux
AESCHLIMANN, MANUEL - 2020-08-23-23:19:45 >> activProfConjointDto >> activiteProf,Avocat
Auslender, Jérôme - 2021-08-03-14:44:35 >> activProfCinqDerniereDto >> item >> employeur,Société LKJ AVOCATS
ANTHOINE, Emmanuelle - 2018-01-23-10:35:04 >> activProfCinqDerniereDto >> description,avocate
leclercq, Caroline - 2020-07-14-23:28:27 >> activProfCinqDerniereDto >> description,avocat
Biemouret, Gisèle - 2019-01-31-14:46:02 >> activCollaborateursDto >> RODRIGUEZ Antoine >> employeur,Avocat
MAZARS, stéphane - 2019-08-30-10:44:26 >> participationDirigeantDto >> item >> nomSociete,SCP d'avocats
THOUROT, Alice - 2020-10-02-14:07:34 >> participationDirigeantDto >> item >> activite,AVOCATS
FUGIT, Jean-Luc - 2019-01-31-10:39:59 >> activCollaborateursDto >> Lougraida-DUMAS Myriam >> employeur,Myriam LOUGRAIDA-DUMAS Entreprise Individuelle -
        [Données non publiées]
     Avocat inscrit au Barreau de Lyon
Cicurel, Ilana - 2020-07-17-13:30:03 >> activProfConjointDto >> activiteProf,Avocat, associé
Vogel, Louis - 2020-08-12-15:52:21 >> participationDirigeantDto >> item >> nomSociete,Selas Vogel & Vogel, société d'avocats
JEAN, TERLIER - 2017-08-16-13:36:16 >> participationFinanciereDto >> remuneration,cf.remuneration participation à des organes dirigeants. Rémunération en qualité de gérant de société d'avocats
Gauvain, Raphael - 2019-05-02-23:10:51 >> activProfConjointDto >> activiteProf,Avocate exerçant à titre individuel.
THOUROT, Alice - 2019-02-04-11:27:21 >> activProfCinqDerniereDto >> item >> description,AVOCAT
THOUROT, Alice - 2019-02-04-11:27:21 >> participationDirigeantDto >> item >> nomSociete,SAS D'AVOCAT THOUROT
MAZARS, stéphane - 2017-08-14-16:56:15 >> participationFinanciereDto >> item >> nomSociete,scp d'avocats
Rouillard, Gwendal - 2021-07-05-11:15:56 >> activProfConjointDto >> activiteProf,Avocate
        [Données non publiées]
     de l'entreprise
BUFFET, FRANCOIS NOEL - 2021-02-07-18:45:53 >> activProfCinqDerniereDto >> item >> description,AVOCAT
ALIOT, Louis - 2021-12-09-09:33:08 >> activProfCinqDerniereDto >> item >> description,avocat
MAZARS, stéphane - 2019-08-30-10:44:26 >> activProfCinqDerniereDto >> commentaire,avocat généraliste au sein d'une SCP au barreau de l'AVEYRON je ne connais pas encore mon BNC de 2017. Pendant mon mandat de sénateur mes revenus pro étaient moins importants (moins d'industrie) en accord avec mes associés.
DUFFOURG, ALAIN - 2021-11-30-18:38:24 >> activProfCinqDerniereDto >> description,AVOCAT
LEROY, Sebastien - 2020-07-21-20:52:25 >> participationDirigeantDto >> item >> commentaire,SCI détenant les locaux du Cabinet d'Avocats
LABELLE, pascal - 2021-10-04-16:14:02 >> activProfConjointDto >> activiteProf,avocat
MICHEL, Jean-Paul - 2020-09-23-17:51:35 >> activProfConjointDto >> activiteProf,AVOCAT
SCHALCK, ELSA - 2021-02-21-12:05:22 >> activProfCinqDerniereDto >> item >> employeur,Cabinet avocat individuel
DUPOND-MORETTI, Eric - 2020-10-30-15:16:15 >> participationFinanciereDto >> item >> nomSociete,SELARLU DUPOND-MORETTI AVOCAT
Grau, Romain - 2021-12-17-12:04:20 >> activProfCinqDerniereDto >> description,Avocat
Tourret, Alain - 2019-01-21-12:20:13 >> activProfCinqDerniereDto >> description,Avocat
Copé, Jean-François - 2020-06-24-14:51:36 >> activProfCinqDerniereDto >> item >> description,Avocat of counsel
GOMEZ-BASSAC, Valerie - 2020-02-03-17:49:39 >> participationFinanciereDto >> item >> remuneration,27850 EN 2016 EN TANT QU'AVOCATE ASSOCIE GERANTE
Foveau, Tristan - 2020-07-24-18:09:33 >> activProfCinqDerniereDto >> item >> description,Elève-avocat stagiaire
MICHEL, Jean-Paul - 2020-10-21-17:38:59 >> activProfConjointDto >> activiteProf,AVOCAT
Vogel, Louis - 2020-11-16-09:58:03 >> activConsultantDto >> commentaire,J'ai exercé parallèlement à mon activité d'avocat une activité limitée de consultation en tant que Professeur de droit. J'ai cessé cette activité en 2018.
LEROY, Sebastien - 2020-10-27-15:57:54 >> activProfCinqDerniereDto >> commentaire,Rémunéré en qualité de gérant de la SELARL d'Avocats.
Copé, Jean-François - 2020-06-24-14:51:36 >> activProfCinqDerniereDto >> item >> commentaire,J'ai intégré le Cabinet Stehlin et associés en tant qu'avocat of counsel depuis le 1er octobre 2017 pour un contrat à durée indéterminée. 
        [Données non publiées]
FUGIT, Jean-Luc - 2019-01-31-10:39:59 >> activCollaborateursDto >> Lougraida-DUMAS Myriam >> descriptionActivite,Avocat : prestations de conseil et de contentieux en droit public à l'attention des collectivités locales
ALIOT, Louis - 2021-12-09-09:33:08 >> activProfCinqDerniereDto >> item >> employeur,avocat
MODURIER, Aurélien - 2020-08-30-12:03:04 >> activProfCinqDerniereDto >> item >> commentaire,Cabinet d'avocat spécialisé en droit de la concurrence et droit de la distribution. Dans le cadre d'une année de césure.
Masquelier, Frédéric - 2020-08-20-10:28:20 >> activProfCinqDerniereDto >> commentaire,Je n'ai exercé que les fonctions d'avocat pendant cette période étant inscrit au barreau depuis janvier 2000. Je poursuis mon activité professionnelle
Gauvain, Raphael - 2021-05-10-09:26:43 >> activProfCinqDerniereDto >> description,Avocat associé chez Boken
LEROY, Franck - 2020-11-10-15:57:48 >> activProfCinqDerniereDto >> description,Avocat
NICOLIN, Yves - 2020-10-20-15:07:14 >> activProfCinqDerniereDto >> description,AVOCAT A LA COUR D'APPEL DE PARIS
Hennion, Christine - 2018-03-04-19:48:09 >> activProfCinqDerniereDto >> item >> employeur,Pelletier-avocat
Baroin, François - 2021-06-20-14:28:11 >> activProfCinqDerniereDto >> item >> description,Inscription en qualité d'Avocat à la Chambre Arbitrale Internationale de Paris
Avia, Laetitia - 2019-03-28-23:25:15 >> activProfCinqDerniereDto >> item >> description,Avocate en exercice libéral
AESCHLIMANN, MANUEL - 2020-08-23-23:19:45 >> activProfCinqDerniereDto >> description,Avocat
DUPOND-MORETTI, Eric - 2021-07-12-14:49:07 >> activProfCinqDerniereDto >> item >> employeur,SELARLU DUPOND-MORETTI AVOCAT
PLENET, CLAUDE - 2021-04-21-02:03:38 >> activProfCinqDerniereDto >> item >> description,AVOCAT
Arminjon, Christophe - 2020-09-13-09:54:46 >> participationDirigeantDto >> commentaire,Détention du capital de la société d'exercice libéral ALTERIUS Avocats
Vogel, Louis - 2020-08-12-15:52:21 >> activConsultantDto >> commentaire,J'ai exercé parallèlement à mon activité d'avocat une activité limitée de consultation en tant que Professeur de droit. J'ai cessé cette activité en 2018.
SAVIGNAT, Antoine - 2018-03-26-10:53:58 >> activProfConjointDto >> activiteProf,Avocat associée
Hocquard, frederic - 2020-09-11-18:18:50 >> activProfConjointDto >> employeurConjoint,Avocate
PULVAR, Audrey - 2020-10-21-21:14:20 >> activConsultantDto >> item >> nomEmployeur,Ordre des Avocats
Gauvain, Raphael - 2017-08-05-11:36:29 >> activProfCinqDerniereDto >> commentaire,J'ai demandé mon omission du Barreau de Paris à compter du 1er aout 2017. Je n'exercerai donc pas la profession d'avocat pendant mon mandat parlementaire. Les comptes du cabinet sont en cours de finalisation. Je serai donc en mesure de déclarer mes revenus 2017 définitif au titre de cette activité à la fin de l'année.
FUGIT, Jean-Luc - 2019-01-31-10:39:59 >> activCollaborateursDto >> Lougraida-DUMAS Myriam >> commentaire,Se conforme à l'article 122-1 du Décret n°91-1197 du 27 novembre 1991 organisant la profession d'avocat.
HURMIC, Pierre - 2020-09-03-17:42:05 >> activProfCinqDerniereDto >> description,Avocat
THOUROT, Alice - 2020-10-02-14:07:34 >> activProfCinqDerniereDto >> item >> employeur,SAS D'AVOCAT THOUROT
DUPOND-MORETTI, Eric - 2021-07-12-14:49:07 >> participationDirigeantDto >> item >> nomSociete,SELARLU DUPOND-MORETTI AVOCAT
Didier, Geoffroy - 2019-08-27-19:47:36 >> activProfCinqDerniereDto >> item >> description,avocat
BUGIS, Pascal - 2020-09-30-22:57:53 >> activProfConjointDto >> activiteProf,Salariée cabinet d'avocat
GOMEZ-BASSAC, Valerie - 2020-08-27-12:45:55 >> activConsultantDto >> item >> description,Avocate associée gérante
LABELLE, pascal - 2021-10-04-16:14:02 >> activProfCinqDerniereDto >> employeur,avocat
ALIOT, Louis - 2021-12-06-14:44:43 >> activProfCinqDerniereDto >> item >> description,avocat
Masquelier, Frédéric - 2020-08-20-10:37:29 >> activProfCinqDerniereDto >> description,AVOCAT
GOMEZ-BASSAC, Valerie - 2021-05-05-15:54:06 >> activConsultantDto >> item >> description,Avocate associée gérante
Hennion, Christine - 2019-12-31-16:30:02 >> activProfCinqDerniereDto >> item >> employeur,Pelletier-avocat
BAUDOUX, Gérard - 2021-01-21-14:55:10 >> activProfCinqDerniereDto >> description,AVOCAT
DUPOND-MORETTI, Eric - 2020-08-22-14:48:13 >> participationFinanciereDto >> item >> nomSociete,SELARLU DUPOND-MORETTI AVOCAT
SCHALCK, ELSA - 2020-11-25-12:10:32 >> activProfCinqDerniereDto >> item >> employeur,Cabinet avocat individuel
Zumkeller, Michel - 2021-12-17-15:37:56 >> activCollaborateursDto >> Therond-Keraudren Amélie >> employeur,Avocate fiscaliste
Vigier, Jean-françois - 2020-09-16-23:37:41 >> activProfCinqDerniereDto >> employeur,Squadra avocats activite non salariee
GOMEZ-BASSAC, Valerie - 2018-07-12-19:07:40 >> activConsultantDto >> item >> description,Avocate associée gérante
BLANC, Etienne - 2021-05-21-15:16:42 >> participationDirigeantDto >> item >> activite,AVOCAT
BAKHTIARI MOGHADDAM, Zartoshte - 2020-08-28-14:28:10 >> activProfCinqDerniereDto >> employeur,AARPI FIDERE AVOCATS
LEROY, Sebastien - 2021-05-19-00:19:05 >> activProfCinqDerniereDto >> commentaire,Rémunéré en qualité de gérant de la SELARL d'Avocats.
Arminjon, Christophe - 2020-10-11-09:50:35 >> participationDirigeantDto >> item >> commentaire,Détention du capital de la société d'exercice libéral ALTERIUS Avocats
SOW, Sileymane - 2020-09-04-23:39:36 >> participationFinanciereDto >> nomSociete,SELARL MQS Avocats
FAURE, Bertrand - 2020-09-16-16:40:20 >> fonctionBenevoleDto >> nomStructure,Ordre des avocats de Saint-Brieuc
Lochmann Beaujour, Sabine - 2020-04-26-22:49:23 >> activProfConjointDto >> activiteProf,Avocat Associé
Terrier, Thomas - 2020-09-23-17:59:45 >> activProfCinqDerniereDto >> description,AVOCAT
DUFFOURG, ALAIN - 2021-05-28-18:40:31 >> activProfCinqDerniereDto >> description,AVOCAT
MAZARS, stéphane - 2017-10-30-15:19:22 >> activProfCinqDerniereDto >> employeur,associé dans une SCP d'AVOCATS
Moutchou, NaÃ¯ma - 2018-10-04-18:26:56 >> activProfCinqDerniereDto >> description,Avocat
Grau, Romain - 2017-08-17-14:00:37 >> activProfCinqDerniereDto >> employeur,Taj société d'avocats
MIRALLES, PATRICIA - 2017-10-10-16:06:24 >> activCollaborateursDto >> Courageux Vincent >> descriptionActivite,Avocat
LABELLE, pascal - 2020-08-18-11:10:44 >> activProfCinqDerniereDto >> employeur,avocat
Nachbar, Philippe - 2018-04-24-11:38:29 >> activCollaborateursDto >> LOCTIN Antoine >> employeur,Avocat au Barreau de Paris exerçant à titre individuel
KAMARDINE, Mansour - 2019-12-13-19:13:29 >> activProfCinqDerniereDto >> description,AVOCAT
Foveau, Tristan - 2021-10-20-18:34:21 >> activProfCinqDerniereDto >> item >> description,Elève-avocat stagiaire
Brosse, Laurent - 2020-10-04-10:15:16 >> activProfCinqDerniereDto >> commentaire,Avocat au barreau des Hauts-de-Seine. Montants 2020 arrêtés en août.
gilbert, collard - 2019-10-08-10:23:54 >> participationDirigeantDto >> commentaire,POUR 2019 LE BILAN N'EST PAS ETABLI CETTE REMUNERATION COUVRE LA DUALITE GERANT AVOCAT ET A DONC ETE DEJA DECLARE DANS ACTIVITE PROFESSIONNELLE
Brosse, Laurent - 2021-02-24-17:08:20 >> activProfCinqDerniereDto >> employeur,PwC Société d'avocats
BOURDOULEIX, gilles - 2021-05-28-08:41:57 >> activProfCinqDerniereDto >> description,avocat
KERN, Bertrand - 2020-12-04-16:56:25 >> activProfConjointDto >> activiteProf,AvocateEnseignante
BRIERE, Quentin - 2021-08-07-16:20:14 >> activProfCinqDerniereDto >> item >> description,Avocat
Bachelier, Florian - 2018-02-22-17:39:11 >> fonctionBenevoleDto >> item >> nomStructure,Advocassociation uk - réseau de cabinets d'avocats
Bachelier, Florian - 2021-10-11-09:49:04 >> fonctionBenevoleDto >> item >> nomStructure,Advoc association uk - réseau de cabinets d'avocats
GOULET, NATHALIE - 2020-09-08-09:46:41 >> activProfCinqDerniereDto >> item >> description,Avocat Collaborateur
Grau, Romain - 2017-08-17-14:00:37 >> activProfCinqDerniereDto >> description,Avocat
MAZARS, stéphane - 2017-10-30-15:19:22 >> activProfCinqDerniereDto >> description,avocat associé
Cicurel, Ilana - 2020-10-25-20:55:19 >> activProfCinqDerniereDto >> item >> commentaire,Avocate au Barreau de Paris, au sein du cabinet M&LA. Activité déficitaire en 2018 (un mois) et 2019. Dans le cadre du lancement de mon activité, j'ai bénéficié d'une ARCE de Pole Emploi (montant total de 18727 euros attribué en décembre 2018 et versé en 2019). Absence de revenus en 2020 en qualité d'avocate.
Rouly, Nicolas - 2021-04-21-01:58:15 >> activProfCinqDerniereDto >> item >> description,Avocat
Verdier, Fabien - 2021-10-08-07:06:26 >> activProfConjointDto >> activiteProf,Avocate/juriste
        [Données non publiées]
LEROY, Franck - 2021-04-29-15:49:13 >> activProfCinqDerniereDto >> description,Avocat
GOMEZ-BASSAC, Valerie - 2021-10-26-18:11:59 >> participationFinanciereDto >> item >> remuneration,27850 EN 2016 EN TANT QU'AVOCATE ASSOCIE GERANTE
Albertini, Xavier - 2021-05-30-20:00:10 >> participationFinanciereDto >> item >> nomSociete,ACG Société Avocats
BRIAND, Sacha - 2020-10-02-10:56:09 >> activProfCinqDerniereDto >> description,avocat, organisme agréé pour la formation des élus locaux
Bachelier, Florian - 2020-11-14-17:26:26 >> fonctionBenevoleDto >> item >> nomStructure,Advoc association uk - réseau de cabinets d'avocats
bonnecarrere, philippe - 2021-06-07-11:26:46 >> activProfCinqDerniereDto >> item >> description,avocat
Foveau, Tristan - 2021-10-20-18:34:21 >> activProfCinqDerniereDto >> item >> commentaire,5 mois de stage réalisé au titre de ma formation à l'école des avocats de Lille dans le cadre de la reprise de celle-ci après sa suspension temporaire.
Copé, Jean-François - 2021-03-28-19:03:05 >> activProfCinqDerniereDto >> item >> employeur,Avocat à mon compte
paoli-gagin, Vanina - 2020-11-25-16:29:53 >> activProfCinqDerniereDto >> item >> commentaire,Je conserve mon activité d'Avocat durant mon mandat de Sénateur
LARRIVE, Guillaume - 2017-11-22-19:15:47 >> activProfCinqDerniereDto >> item >> employeur,Avocat
Bachelier, Florian - 2021-04-10-18:19:17 >> participationDirigeantDto >> activite,cabinet d'avocats
SABATINI, Anaïs - 2021-08-12-10:21:09 >> activProfCinqDerniereDto >> item >> description,Eleve Avocate
Poniatowski, Sébastien - 2020-07-23-20:28:17 >> activProfCinqDerniereDto >> description,Avocat
BUGIS, Pascal - 2020-09-30-22:57:53 >> activProfCinqDerniereDto >> description,Avocat
BILLOUDET, GUY - 2020-12-17-15:09:02 >> activProfConjointDto >> activiteProf,Avocat
pericard, arnaud - 2021-02-10-20:02:39 >> activProfCinqDerniereDto >> item >> description,avocat
ANTHOINE, Emmanuelle - 2019-01-17-16:17:42 >> activProfCinqDerniereDto >> commentaire,J'exerce mon activité professionnel d'avocate depuis janvier 1990
THOUROT, Alice - 2019-02-04-11:27:21 >> participationFinanciereDto >> nomSociete,SAS D'AVOCAT THOUROT
Masquelier, Frédéric - 2020-08-20-10:37:29 >> activProfCinqDerniereDto >> commentaire,Je n'ai exercé que les fonctions d'avocat pendant cette période étant inscrit au barreau depuis janvier 2000. Je poursuis mon activité professionnelle
NICOLIN, Yves - 2020-09-03-11:51:36 >> activProfCinqDerniereDto >> employeur,AVOCAT
Rivière, Jérôme - 2019-08-13-15:59:24 >> activConsultantDto >> item >> description,Avocat
Copé, Jean-François - 2021-03-28-19:03:05 >> activProfCinqDerniereDto >> item >> commentaire,J'ai intégré le Cabinet Stehlin et associés en tant qu'avocat of counsel depuis le 1er octobre 2017 pour un contrat à durée indéterminée. 
        [Données non publiées]
MAZARS, stéphane - 2019-08-30-10:44:26 >> activProfCinqDerniereDto >> description,avocat associé
MOREL A L'HUISSIER, PIERRE - 2021-10-07-16:37:06 >> activProfCinqDerniereDto >> item >> description,AVOCAT
Degois, Typhanie - 2019-03-30-10:54:56 >> activProfCinqDerniereDto >> item >> employeur,Cabinet Christel Boissel Avocat
FUGIT, Jean-Luc - 2017-07-12-11:04:59 >> activCollaborateursDto >> Lougraida-DUMAS Myriam >> descriptionActivite,Avocat : prestations de conseil et de contentieux en droit public à l'attention des collectivités locales
LEROY, Sebastien - 2020-10-27-15:57:54 >> participationDirigeantDto >> item >> nomSociete,SELARL LEGIPOLIS AVOCATS
Copé, Jean-François - 2020-06-20-20:10:09 >> activProfCinqDerniereDto >> item >> employeur,Avocat à mon compte
SYLLA, Sira - 2017-08-16-15:10:47 >> observationInteretDto >> contenu,J'envisage de suspendre mon activité d'avocat à la fin de l'année 2017.
Nachbar, Philippe - 2017-11-29-14:20:38 >> activCollaborateursDto >> employeur,Avocat au Barreau de Paris exerçant à titre individuel
DUPOND-MORETTI, Eric - 2020-08-22-14:46:03 >> valeursNonEnBourseDto >> item >> denomination,SELARLU DUPOND-MORETTI AVOCAT
Dubreuil, Charles-André - 2020-08-24-18:34:17 >> activConsultantDto >> item >> nomEmployeur,Cabinet d'avocats Wedrychowski ; Orléans
MIRALLES, PATRICIA - 2019-04-16-15:20:38 >> activCollaborateursDto >> Courageux Vincent >> descriptionActivite,Avocat
LEROY, Sebastien - 2021-05-19-00:19:05 >> participationDirigeantDto >> item >> nomSociete,SELARL LEGIPOLIS AVOCATS
Verdier, Fabien - 2020-11-15-16:36:22 >> activProfConjointDto >> activiteProf,Avocate
        [Données non publiées]
    
        [Données non publiées]
DEL POSO, thierry - 2020-06-03-16:56:33 >> activProfCinqDerniereDto >> item >> description,AVOCAT
BLANC, Jean-Baptiste - 2020-11-26-18:45:17 >> observationInteretDto >> contenu,Je ne suis plus associé du cabinet d'avocats où j'exerçais du 01/04/2019 au 29/10/20.
NICOLIN, Yves - 2020-12-30-20:54:17 >> activProfCinqDerniereDto >> description,AVOCAT A LA COUR D'APPEL DE PARIS
Bachelier, Florian - 2021-05-19-18:36:11 >> fonctionBenevoleDto >> item >> nomStructure,Advoc association uk - réseau de cabinets d'avocats
paoli-gagin, Vanina - 2020-11-25-16:29:53 >> participationDirigeantDto >> commentaire,Je représente le Cabinet Law Impact Avocat au Conseil d'Administration de l'Association Transition Forum
MICHEL, Jean-Paul - 2021-10-17-10:56:53 >> activProfConjointDto >> activiteProf,AVOCAT
MOULY, Didier - 2020-07-26-17:32:37 >> activProfCinqDerniereDto >> description,avocat
Cauchetier, Yann - 2020-08-25-10:54:28 >> participationDirigeantDto >> item >> activite,Avocat Gérant
BLANC, Jean-Baptiste - 2021-03-26-18:12:29 >> observationInteretDto >> contenu,Avocat au Barreau d'Avignon depuis le 24/06/2005, je n'exerce plus mon activité d'avocat depuis mon élection et me suis fait omettre du barreau le 18 Mars 2021.
DUFFOURG, ALAIN - 2021-05-31-15:40:43 >> activProfCinqDerniereDto >> description,AVOCAT
SCHALCK, ELSA - 2021-02-21-12:05:22 >> activProfCinqDerniereDto >> item >> description,avocat libéral
ALIOT, Louis - 2020-09-03-11:53:17 >> activProfCinqDerniereDto >> item >> employeur,avocat
Copé, Jean-François - 2020-06-24-14:51:36 >> activProfCinqDerniereDto >> item >> employeur,Avocat à mon compte
LEROY, Sebastien - 2020-07-21-20:52:25 >> participationFinanciereDto >> nomSociete,SELARL LEGIPOLIS AVOCATS
WILLIAM, Jiovanny - 2021-07-29-16:17:28 >> activProfCinqDerniereDto >> description,avocat libéral
Houlié, Sacha - 2021-11-24-12:08:07 >> activProfCinqDerniereDto >> description,Avocat libéral
MOULY, Didier - 2020-07-26-17:32:37 >> activProfCinqDerniereDto >> employeur,Habeas Avocats et Conseils
LEROY, Sebastien - 2021-05-19-00:19:05 >> participationDirigeantDto >> item >> activite,AVOCATS
GOMEZ-BASSAC, Valerie - 2020-02-03-17:49:39 >> activConsultantDto >> item >> description,Avocate associée gérante
KERN, Bertrand - 2020-06-24-16:47:05 >> activProfConjointDto >> employeurConjoint,Avocate/ Centre de Formation
MAZARS, stéphane - 2019-08-30-10:44:26 >> activProfCinqDerniereDto >> employeur,associé dans une SCP d'AVOCATS
THURIOT, Denis - 2020-12-20-18:45:37 >> activProfCinqDerniereDto >> description,avocat
CORBIERE, Alexis - 2019-01-17-17:30:59 >> activProfConjointDto >> activiteProf,Avocat
SOW, Sileymane - 2020-09-04-23:39:36 >> participationDirigeantDto >> item >> nomSociete,Ordre des avocats de Rouen
ANTHOINE, Emmanuelle - 2017-08-14-11:45:42 >> activProfCinqDerniereDto >> description,avocate
LOUIS, Alexandra - 2021-10-25-18:45:43 >> activCollaborateursDto >> BLANC GERARD >> employeur,Avocat  libéral par ailleurs au Barreau de Paris
LARRIVE, Guillaume - 2018-09-27-16:17:36 >> activProfCinqDerniereDto >> item >> description,Avocat
Lévrier, Martin - 2020-03-11-13:57:22 >> activCollaborateursDto >> BARRY François >> descriptionActivite,Avocat
GOULET, NATHALIE - 2020-09-08-09:46:41 >> activProfCinqDerniereDto >> item >> commentaire,Le contrat avec le Cabinet Shefet a été résilié le 25 juillet 2018 Cessation d'activité d'avocat le 15 octobre 2018
chalopin, philippe - 2020-09-06-18:51:14 >> activProfCinqDerniereDto >> description,AVOCAT
BOURDOULEIX, gilles - 2021-05-19-09:38:23 >> participationFinanciereDto >> item >> commentaire,Associé cabinet d'avocat
CLEMENT, Jean Michel - 2020-01-29-16:22:37 >> activProfCinqDerniereDto >> description,Avocat
pericard, arnaud - 2020-09-30-16:35:30 >> participationDirigeantDto >> item >> commentaire,- nommé en tant que directeur général de la SELAS le 1er octobre 2014 - pas de rémunération en tant que directeur général - les rémunérations perçues en tant qu'avocat ont été renseignés au 1er paragraphe
Galliard-Minier, Camille - 2020-06-02-15:42:07 >> activProfCinqDerniereDto >> item >> description,Avocat
Brosse, Laurent - 2021-02-24-17:08:20 >> activProfCinqDerniereDto >> description,Avocat
MOREL A L'HUISSIER, PIERRE - 2019-02-20-12:33:02 >> activProfCinqDerniereDto >> description,AVOCAT
